id,round,question_no,subject,conceptKey,stem,correct,id_unique,stem_unique,concept_unique,choice_set_unique,choices_internal_unique,semantic_independence,padding_status,law_status,law_as_of,future_law_watch,official_topic_source,audit_source,audit_date,original_expression,final_status
2026-04-Q01,2026-04,1,関係法令,mfg400_dedicated_hygiene_manager,常時400人を使用する製造業の事業場で、衛生管理者のうち少なくとも1人を専任とする義務について正しいものはどれか。,労働者数400人という条件だけでは、専任とする義務は生じない,PASS,PASS,PASS,PASS,PASS,PASS,PASS,PASS,2026-08-08,,https://www.exam.or.jp/wp-content/uploads/2026/04/LC20260415.pdf,https://www.mhlw.go.jp/web/t_doc?dataId=74003000&dataType=0,2026-08-08,PASS,PASS
2026-04-Q02,2026-04,2,関係法令,papr_standard,法令上、厚生労働大臣が定める規格を満たす必要がある保護具はどれか。,防じん機能を有する電動ファン付き呼吸用保護具,PASS,PASS,PASS,PASS,PASS,PASS,PASS,PASS,2026-08-08,,https://www.exam.or.jp/wp-content/uploads/2026/04/LC20260415.pdf,https://anzeninfo.mhlw.go.jp/yougo/yougo88_1.html,2026-08-08,PASS,PASS
2026-04-Q03,2026-04,3,関係法令,specified_equipment_2y,特定化学設備等の定期自主検査は原則どの頻度で行うか。,2年以内ごとに1回,PASS,PASS,PASS,PASS,PASS,PASS,PASS,PASS,2026-08-08,,https://www.exam.or.jp/wp-content/uploads/2026/04/LC20260415.pdf,https://www.mhlw.go.jp/web/t_doc?dataId=74097000&dataType=0,2026-08-08,PASS,PASS
2026-04-Q04,2026-04,4,関係法令,class1_manufacture_permit,特定化学物質の第一類物質を製造する場合、原則必要な手続はどれか。,厚生労働大臣の許可,PASS,PASS,PASS,PASS,PASS,PASS,PASS,PASS,2026-08-08,,https://www.exam.or.jp/wp-content/uploads/2026/04/LC20260415.pdf,https://www.mhlw.go.jp/web/t_doc?dataId=74097000&dataType=0,2026-08-08,PASS,PASS
2026-04-Q05,2026-04,5,関係法令,organic_health_record_5y,有機溶剤等健康診断個人票の保存期間は何年か。,5年,PASS,PASS,PASS,PASS,PASS,PASS,PASS,PASS,2026-08-08,,https://www.exam.or.jp/wp-content/uploads/2026/04/LC20260415.pdf,https://www.mhlw.go.jp/web/t_doc?dataId=74090000&dataType=0&pageNo=1,2026-08-08,PASS,PASS
2026-04-Q06,2026-04,6,関係法令,dust_special_education,セメントの袋詰めなど一定の粉じん作業に従事させる前に必要な教育はどれか。,粉じん作業に関する特別教育,PASS,PASS,PASS,PASS,PASS,PASS,PASS,PASS,2026-08-08,,https://www.exam.or.jp/wp-content/uploads/2026/04/LC20260415.pdf,https://www.mhlw.go.jp/web/t_doc?dataId=74003000&dataType=0,2026-08-08,PASS,PASS
2026-04-Q07,2026-04,7,関係法令,lead_supervisor_skill,鉛作業主任者になるための資格取得方法として正しいものはどれか。,鉛作業主任者技能講習を修了する,PASS,PASS,PASS,PASS,PASS,PASS,PASS,PASS,2026-08-08,,https://www.exam.or.jp/wp-content/uploads/2026/04/LC20260415.pdf,https://anzeninfo.mhlw.go.jp/yougo/yougo34_1.html,2026-08-08,PASS,PASS
2026-04-Q08,2026-04,8,関係法令,label_required_info,化学品ラベルの必須表示事項に通常含まれないものはどれか。,その物質に適用される全法令名の一覧,PASS,PASS,PASS,PASS,PASS,PASS,PASS,PASS,2026-08-08,,https://www.exam.or.jp/wp-content/uploads/2026/04/LC20260415.pdf,https://www.mhlw.go.jp/stf/newpage_11237.html,2026-08-08,PASS,PASS
2026-04-Q09,2026-04,9,関係法令,xray_measurement,エックス線装置を用いる作業場の管理区域で定期測定すべきものはどれか。,線量当量率または線量当量,PASS,PASS,PASS,PASS,PASS,PASS,PASS,PASS,2026-08-08,,https://www.exam.or.jp/wp-content/uploads/2026/04/LC20260415.pdf,https://www.mhlw.go.jp/web/t_doc?dataId=74003000&dataType=0,2026-08-08,PASS,PASS
2026-04-Q10,2026-04,10,関係法令,hazardous_overtime_cold,1日の時間外労働の延長が2時間以内に制限される有害業務の例はどれか。,著しく寒冷な場所における業務,PASS,PASS,PASS,PASS,PASS,PASS,PASS,PASS,2026-08-08,,https://www.exam.or.jp/wp-content/uploads/2026/04/LC20260415.pdf,https://www.mhlw.go.jp/web/t_doc?dataId=74001000&dataType=0,2026-08-08,PASS,PASS
2026-04-Q11,2026-04,11,労働衛生,acrylonitrile_vapor,25℃・1気圧で液体であり、空気中では「蒸気」として存在する物質はどれか。,アクリロニトリル,PASS,PASS,PASS,PASS,PASS,PASS,PASS,N/A,,,https://www.exam.or.jp/wp-content/uploads/2026/04/LC20260415.pdf,https://www.exam.or.jp/wp-content/uploads/2026/04/LC20260415.pdf,2026-08-08,PASS,PASS
2026-04-Q12,2026-04,12,労働衛生,risk_substitution,化学物質リスク低減で保護具より先に検討する対策はどれか。,より有害性の低い物質への代替,PASS,PASS,PASS,PASS,PASS,PASS,PASS,N/A,,,https://www.exam.or.jp/wp-content/uploads/2026/04/LC20260415.pdf,https://www.mhlw.go.jp/stf/newpage_11389.html,2026-08-08,PASS,PASS
2026-04-Q13,2026-04,13,労働衛生,cs2_neuro,二硫化炭素への慢性ばく露で代表的な健康影響はどれか。,精神・神経症状,PASS,PASS,PASS,PASS,PASS,PASS,PASS,N/A,,,https://www.exam.or.jp/wp-content/uploads/2026/04/LC20260415.pdf,https://www.exam.or.jp/wp-content/uploads/2026/04/LC20260415.pdf,2026-08-08,PASS,PASS
2026-04-Q14,2026-04,14,労働衛生,noise_source_control,騒音対策の基本的な優先順位として適切なのはどれか。,発生源・伝ぱ経路対策を先に検討し、必要に応じて聴覚保護具を併用する,PASS,PASS,PASS,PASS,PASS,PASS,PASS,N/A,,,https://www.exam.or.jp/wp-content/uploads/2026/04/LC20260415.pdf,https://www.exam.or.jp/wp-content/uploads/2026/04/LC20260415.pdf,2026-08-08,PASS,PASS
2026-04-Q15,2026-04,15,労働衛生,alpha_particle,アルファ線の性質として正しいものはどれか。,粒子線で、物質への透過力は比較的弱い,PASS,PASS,PASS,PASS,PASS,PASS,PASS,N/A,,,https://www.exam.or.jp/wp-content/uploads/2026/04/LC20260415.pdf,https://www.exam.or.jp/wp-content/uploads/2026/04/LC20260415.pdf,2026-08-08,PASS,PASS
2026-04-Q16,2026-04,16,労働衛生,oxygen_respirator,酸素濃度18％未満の場所で使用できる呼吸用保護具はどれか。,送気マスク,PASS,PASS,PASS,PASS,PASS,PASS,PASS,N/A,,,https://www.exam.or.jp/wp-content/uploads/2026/04/LC20260415.pdf,https://www.mhlw.go.jp/web/t_doc?dataId=74105000&dataType=0&pageNo=1,2026-08-08,PASS,PASS
2026-04-Q17,2026-04,17,労働衛生,mercury_cns,金属水銀蒸気へのばく露で主要な標的となるのはどれか。,中枢神経系,PASS,PASS,PASS,PASS,PASS,PASS,PASS,N/A,,,https://www.exam.or.jp/wp-content/uploads/2026/04/LC20260415.pdf,https://www.exam.or.jp/wp-content/uploads/2026/04/LC20260415.pdf,2026-08-08,PASS,PASS
2026-04-Q18,2026-04,18,労働衛生,external_hood_airflow,局所排気装置の外付け式フードの一般的特徴はどれか。,囲い式より大きな排風量を要しやすい,PASS,PASS,PASS,PASS,PASS,PASS,PASS,N/A,,,https://www.exam.or.jp/wp-content/uploads/2026/04/LC20260415.pdf,https://www.exam.or.jp/wp-content/uploads/2026/04/LC20260415.pdf,2026-08-08,PASS,PASS
2026-04-Q19,2026-04,19,労働衛生,bio_sampling_timing,生物学的モニタリングで採尿時刻を管理する主な理由はどれか。,物質により体内半減期が短く、採取時刻で濃度が変わるため,PASS,PASS,PASS,PASS,PASS,PASS,PASS,N/A,,,https://www.exam.or.jp/wp-content/uploads/2026/04/LC20260415.pdf,https://www.exam.or.jp/wp-content/uploads/2026/04/LC20260415.pdf,2026-08-08,PASS,PASS
2026-04-Q20,2026-04,20,労働衛生,nhexane_metabolite,ノルマルヘキサンの生物学的モニタリングで代表的な尿中指標はどれか。,"2,5-ヘキサンジオン",PASS,PASS,PASS,PASS,PASS,PASS,PASS,N/A,,,https://www.exam.or.jp/wp-content/uploads/2026/04/LC20260415.pdf,https://www.exam.or.jp/wp-content/uploads/2026/04/LC20260415.pdf,2026-08-08,PASS,PASS
2026-04-Q21,2026-04,21,関係法令,industrial_physician_over3000,"常時3,000人を超える労働者を使用する事業場では産業医を何人以上選任するか。",2人以上,PASS,PASS,PASS,PASS,PASS,PASS,PASS,PASS,2026-08-08,,https://www.exam.or.jp/wp-content/uploads/2026/04/LC20260415.pdf,https://anzeninfo.mhlw.go.jp/yougo/yougo19_1.html,2026-08-08,PASS,PASS
2026-04-Q22,2026-04,22,関係法令,consultant_registration,労働衛生コンサルタントとして業務を行うために必要なものはどれか。,所定の名簿への登録,PASS,PASS,PASS,PASS,PASS,PASS,PASS,PASS,2026-08-08,,https://www.exam.or.jp/wp-content/uploads/2026/04/LC20260415.pdf,https://www.mhlw.go.jp/web/t_doc?dataId=74001000&dataType=0,2026-08-08,PASS,PASS
2026-04-Q23,2026-04,23,関係法令,health_exam_work_history,一般定期健康診断で省略できない基本項目はどれか。,既往歴および業務歴の調査,PASS,PASS,PASS,PASS,PASS,PASS,PASS,PASS,2026-08-08,2027-04-01: 一般健診に血清クレアチニン追加・喀痰削除。業務歴の正答自体は影響なし。,https://www.exam.or.jp/wp-content/uploads/2026/04/LC20260415.pdf,https://www.mhlw.go.jp/web/t_doc?dataId=74003000&dataType=0,2026-08-08,PASS,PASS
2026-04-Q24,2026-04,24,関係法令,long_hours_80_request,一般労働者が月80時間を超える時間外・休日労働をし疲労蓄積がある場合の面接指導の基本はどれか。,本人の申出を受けて医師による面接指導を行う,PASS,PASS,PASS,PASS,PASS,PASS,PASS,PASS,2026-08-08,,https://www.exam.or.jp/wp-content/uploads/2026/04/LC20260415.pdf,https://www.mhlw.go.jp/web/t_doc?dataId=74003000&dataType=0,2026-08-08,PASS,PASS
2026-04-Q25,2026-04,25,関係法令,workroom_opening,十分な換気設備がない屋内作業場で、開放可能な窓等の面積は床面積の原則どれだけ以上か。,20分の1以上,PASS,PASS,PASS,PASS,PASS,PASS,PASS,PASS,2026-08-08,,https://www.exam.or.jp/wp-content/uploads/2026/04/LC20260415.pdf,https://www.mhlw.go.jp/web/t_doc?dataId=74089000&dataType=0&pageNo=1,2026-08-08,PASS,PASS
2026-04-Q26,2026-04,26,関係法令,paid_3days_2half,週3日・週20時間勤務、勤続2年6か月、出勤率8割以上の労働者に新たに付与する年休は何日か。,6日,PASS,PASS,PASS,PASS,PASS,PASS,PASS,PASS,2026-08-08,,https://www.exam.or.jp/wp-content/uploads/2026/04/LC20260415.pdf,https://www.mhlw.go.jp/seisakunitsuite/bunya/koyou_roudou/roudouseisaku/chushoukigyou/joken_kankyou_rule.html,2026-08-08,PASS,PASS
2026-04-Q27,2026-04,27,関係法令,overtime_limits,時間外労働の上限の組合せとして原則正しいものはどれか。,原則月45時間・年360時間、特別条項でも月100時間未満・年720時間以内,PASS,PASS,PASS,PASS,PASS,PASS,PASS,PASS,2026-08-08,,https://www.exam.or.jp/wp-content/uploads/2026/04/LC20260415.pdf,https://www.mhlw.go.jp/web/t_doc?dataId=74001000&dataType=0,2026-08-08,PASS,PASS
2026-04-Q28,2026-04,28,労働衛生,wbgt,暑熱環境の熱ストレス評価に広く用いられる指標はどれか。,WBGT,PASS,PASS,PASS,PASS,PASS,PASS,PASS,N/A,,,https://www.exam.or.jp/wp-content/uploads/2026/04/LC20260415.pdf,https://www.exam.or.jp/wp-content/uploads/2026/04/LC20260415.pdf,2026-08-08,PASS,PASS
2026-04-Q29,2026-04,29,労働衛生,thp_guidance,THPの健康指導に含まれる組合せはどれか。,運動・保健・栄養・メンタルヘルスケアなど,PASS,PASS,PASS,PASS,PASS,PASS,PASS,N/A,,,https://www.exam.or.jp/wp-content/uploads/2026/04/LC20260415.pdf,https://kokoro.mhlw.go.jp/glossaries/word-1510/,2026-08-08,PASS,PASS
2026-04-Q30,2026-04,30,労働衛生,fracture_splint,四肢の骨折が疑われるときの副子固定として適切なのはどれか。,骨折部の上下の関節まで固定できる長さの副子を使う,PASS,PASS,PASS,PASS,PASS,PASS,PASS,N/A,,,https://www.exam.or.jp/wp-content/uploads/2026/04/LC20260415.pdf,https://www.exam.or.jp/wp-content/uploads/2026/04/LC20260415.pdf,2026-08-08,PASS,PASS
2026-04-Q31,2026-04,31,労働衛生,cerebral_embolism,脳塞栓症の説明として正しいものはどれか。,心臓などでできた血栓が流れて脳血管を閉塞する,PASS,PASS,PASS,PASS,PASS,PASS,PASS,N/A,,,https://www.exam.or.jp/wp-content/uploads/2026/04/LC20260415.pdf,https://www.exam.or.jp/wp-content/uploads/2026/04/LC20260415.pdf,2026-08-08,PASS,PASS
2026-04-Q32,2026-04,32,労働衛生,lifting_posture,床から重量物を持ち上げる腰痛予防姿勢として適切なのはどれか。,荷物に近づき、膝を曲げて脚の力で立ち上がる,PASS,PASS,PASS,PASS,PASS,PASS,PASS,N/A,,,https://www.exam.or.jp/wp-content/uploads/2026/04/LC20260415.pdf,https://www.exam.or.jp/wp-content/uploads/2026/04/LC20260415.pdf,2026-08-08,PASS,PASS
2026-04-Q33,2026-04,33,労働衛生,co2_ventilation,室内CO₂濃度を一定以下に保つとき、増えるほど必要換気量も増える要素はどれか。,在室者数,PASS,PASS,PASS,PASS,PASS,PASS,PASS,N/A,,,https://www.exam.or.jp/wp-content/uploads/2026/04/LC20260415.pdf,https://www.mhlw.go.jp/web/t_doc?dataId=74089000&dataType=0&pageNo=1,2026-08-08,PASS,PASS
2026-04-Q34,2026-04,34,労働衛生,aging_lighting,高齢者の作業照明で適切な考え方はどれか。,必要照度を確保しつつ、まぶしさにも配慮する,PASS,PASS,PASS,PASS,PASS,PASS,PASS,N/A,,,https://www.exam.or.jp/wp-content/uploads/2026/04/LC20260415.pdf,https://www.exam.or.jp/wp-content/uploads/2026/04/LC20260415.pdf,2026-08-08,PASS,PASS
2026-04-Q35,2026-04,35,労働生理,vestibular_inner_ear,前庭と半規管が存在する部位はどれか。,内耳,PASS,PASS,PASS,PASS,PASS,PASS,PASS,N/A,,,https://www.exam.or.jp/wp-content/uploads/2026/04/LC20260415.pdf,https://www.exam.or.jp/wp-content/uploads/2026/04/LC20260415.pdf,2026-08-08,PASS,PASS
2026-04-Q36,2026-04,36,労働生理,bile_emulsification,胆汁の働きとして正しいものはどれか。,消化酵素を含まないが脂肪を乳化する,PASS,PASS,PASS,PASS,PASS,PASS,PASS,N/A,,,https://www.exam.or.jp/wp-content/uploads/2026/04/LC20260415.pdf,https://www.exam.or.jp/wp-content/uploads/2026/04/LC20260415.pdf,2026-08-08,PASS,PASS
2026-04-Q37,2026-04,37,労働生理,nucleus_ganglion,神経細胞体の集まりの名称として正しい組合せはどれか。,中枢神経系では神経核、末梢神経系では神経節,PASS,PASS,PASS,PASS,PASS,PASS,PASS,N/A,,,https://www.exam.or.jp/wp-content/uploads/2026/04/LC20260415.pdf,https://www.exam.or.jp/wp-content/uploads/2026/04/LC20260415.pdf,2026-08-08,PASS,PASS
2026-04-Q38,2026-04,38,労働生理,liver_urea,肝臓の働きとして正しいものはどれか。,アンモニアから尿素を合成する,PASS,PASS,PASS,PASS,PASS,PASS,PASS,N/A,,,https://www.exam.or.jp/wp-content/uploads/2026/04/LC20260415.pdf,https://www.exam.or.jp/wp-content/uploads/2026/04/LC20260415.pdf,2026-08-08,PASS,PASS
2026-04-Q39,2026-04,39,労働生理,glomerular_protein,健康な腎臓の糸球体濾過で通常ほとんど原尿へ出ないものはどれか。,大きな血漿蛋白質,PASS,PASS,PASS,PASS,PASS,PASS,PASS,N/A,,,https://www.exam.or.jp/wp-content/uploads/2026/04/LC20260415.pdf,https://www.exam.or.jp/wp-content/uploads/2026/04/LC20260415.pdf,2026-08-08,PASS,PASS
2026-04-Q40,2026-04,40,労働生理,hematocrit,成人の血液で有形成分が占める体積割合の目安はどれか。,約45％,PASS,PASS,PASS,PASS,PASS,PASS,PASS,N/A,,,https://www.exam.or.jp/wp-content/uploads/2026/04/LC20260415.pdf,https://www.exam.or.jp/wp-content/uploads/2026/04/LC20260415.pdf,2026-08-08,PASS,PASS
2026-04-Q41,2026-04,41,労働生理,lens_accommodation,近くを見るとき主に厚さが変わる眼の構造はどれか。,水晶体,PASS,PASS,PASS,PASS,PASS,PASS,PASS,N/A,,,https://www.exam.or.jp/wp-content/uploads/2026/04/LC20260415.pdf,https://www.exam.or.jp/wp-content/uploads/2026/04/LC20260415.pdf,2026-08-08,PASS,PASS
2026-04-Q42,2026-04,42,労働生理,sweat_insensible,発汗と不感蒸泄の違いとして正しいものはどれか。,発汗は汗腺からの汗、不感蒸泄は意識されにくい皮膚・呼気からの水分喪失,PASS,PASS,PASS,PASS,PASS,PASS,PASS,N/A,,,https://www.exam.or.jp/wp-content/uploads/2026/04/LC20260415.pdf,https://www.exam.or.jp/wp-content/uploads/2026/04/LC20260415.pdf,2026-08-08,PASS,PASS
2026-04-Q43,2026-04,43,労働生理,humoral_immunity,体液性免疫の中心的な仕組みはどれか。,Bリンパ球由来の抗体が抗原に結合する,PASS,PASS,PASS,PASS,PASS,PASS,PASS,N/A,,,https://www.exam.or.jp/wp-content/uploads/2026/04/LC20260415.pdf,https://www.exam.or.jp/wp-content/uploads/2026/04/LC20260415.pdf,2026-08-08,PASS,PASS
2026-04-Q44,2026-04,44,労働生理,presbycusis,加齢性難聴で一般に先に低下しやすいのはどれか。,高い周波数の音,PASS,PASS,PASS,PASS,PASS,PASS,PASS,N/A,,,https://www.exam.or.jp/wp-content/uploads/2026/04/LC20260415.pdf,https://www.exam.or.jp/wp-content/uploads/2026/04/LC20260415.pdf,2026-08-08,PASS,PASS
2025-10-Q01,2025-10,1,関係法令,mfg400_general_manager,常時400人を使用する製造業の事業場で、総括安全衛生管理者の選任は必要か。,必要,PASS,PASS,PASS,PASS,PASS,PASS,PASS,PASS,2026-08-08,,https://www.exam.or.jp/wp-content/uploads/2025/10/LC20252114.pdf,https://anzeninfo.mhlw.go.jp/yougo/yougo35_1.html,2026-08-08,PASS,PASS
2025-10-Q02,2025-10,2,関係法令,pressure_hopper_supervisor,作業主任者の選任が必要な作業の組合せとして適切なのはどれか。,圧気工法の高圧室内作業と石炭ホッパー内部作業,PASS,PASS,PASS,PASS,PASS,PASS,PASS,PASS,2026-08-08,,https://www.exam.or.jp/wp-content/uploads/2025/10/LC20252114.pdf,https://anzeninfo.mhlw.go.jp/yougo/yougo34_1.html,2026-08-08,PASS,PASS
2025-10-Q03,2025-10,3,関係法令,ammonia_mask_standard,厚生労働大臣が定める規格を満たすことが必要なものはどれか。,アンモニア用防毒マスク,PASS,PASS,PASS,PASS,PASS,PASS,PASS,PASS,2026-08-08,,https://www.exam.or.jp/wp-content/uploads/2025/10/LC20252114.pdf,https://anzeninfo.mhlw.go.jp/yougo/yougo88_1.html,2026-08-08,PASS,PASS
2025-10-Q04,2025-10,4,関係法令,special_management_closure_records,特別管理物質を製造する事業者が事業を廃止するとき、監督署へ提出対象となる記録の組合せとして適切なのはどれか。,作業記録・作業環境測定記録・特殊健康診断個人票,PASS,PASS,PASS,PASS,PASS,PASS,PASS,PASS,2026-08-08,,https://www.exam.or.jp/wp-content/uploads/2025/10/LC20252114.pdf,https://www.mhlw.go.jp/web/t_doc?dataId=74097000&dataType=0,2026-08-08,PASS,PASS
2025-10-Q05,2025-10,5,関係法令,strong_noise_partition,強烈な騒音を発する屋内作業場で法令上求められる措置として適切なのはどれか。,隔壁を設けるなど騒音の伝ぱを防ぐ措置,PASS,PASS,PASS,PASS,PASS,PASS,PASS,PASS,2026-08-08,,https://www.exam.or.jp/wp-content/uploads/2025/10/LC20252114.pdf,https://www.mhlw.go.jp/web/t_doc?dataId=74003000&dataType=0,2026-08-08,PASS,PASS
2025-10-Q06,2025-10,6,関係法令,specific_dust_sources,特定粉じん発生源に該当するものとして適切なのはどれか。,屋内で粉状の炭素製品を袋詰めする箇所,PASS,PASS,PASS,PASS,PASS,PASS,PASS,PASS,2026-08-08,,https://www.exam.or.jp/wp-content/uploads/2025/10/LC20252114.pdf,https://www.mhlw.go.jp/web/t_doc?dataId=74003000&dataType=0,2026-08-08,PASS,PASS
2025-10-Q07,2025-10,7,関係法令,oxygen_pulp_supervisor,パルプ液を入れたことのある槽内部で酸素欠乏危険作業を行う場合、必要な作業主任者として適切なのはどれか。,第二種酸素欠乏危険作業主任者技能講習修了者から選任,PASS,PASS,PASS,PASS,PASS,PASS,PASS,PASS,2026-08-08,,https://www.exam.or.jp/wp-content/uploads/2025/10/LC20252114.pdf,https://www.mhlw.go.jp/web/t_doc?dataId=74105000&dataType=0&pageNo=1,2026-08-08,PASS,PASS
2025-10-Q08,2025-10,8,関係法令,xray_measure_pair,有害作業場と定期測定項目の組合せとして正しいものはどれか。,エックス線透過写真撮影の管理区域―線量当量率または線量当量,PASS,PASS,PASS,PASS,PASS,PASS,PASS,PASS,2026-08-08,,https://www.exam.or.jp/wp-content/uploads/2025/10/LC20252114.pdf,https://www.mhlw.go.jp/web/t_doc?dataId=74003000&dataType=0,2026-08-08,PASS,PASS
2025-10-Q09,2025-10,9,関係法令,organic_empty_container_outdoor,有機溶剤蒸気が発散するおそれのある空容器の処理として適切なのはどれか。,密閉するか屋外の一定場所に集積する,PASS,PASS,PASS,PASS,PASS,PASS,PASS,PASS,2026-08-08,,https://www.exam.or.jp/wp-content/uploads/2025/10/LC20252114.pdf,https://www.mhlw.go.jp/web/t_doc?dataId=74090000&dataType=0&pageNo=1,2026-08-08,PASS,PASS
2025-10-Q10,2025-10,10,関係法令,inert_tank_overtime_exception,有害業務の1日2時間の時間外延長制限の対象外となる業務はどれか。,ヘリウム等の不活性ガスを入れたことのあるタンク内部の業務,PASS,PASS,PASS,PASS,PASS,PASS,PASS,PASS,2026-08-08,,https://www.exam.or.jp/wp-content/uploads/2025/10/LC20252114.pdf,https://www.mhlw.go.jp/web/t_doc?dataId=74001000&dataType=0,2026-08-08,PASS,PASS
2025-10-Q11,2025-10,11,労働衛生,carbon_disulfide_vapor,常温・常圧で「蒸気」として扱うのが適切な物質はどれか。,二硫化炭素,PASS,PASS,PASS,PASS,PASS,PASS,PASS,N/A,,,https://www.exam.or.jp/wp-content/uploads/2025/10/LC20252114.pdf,https://www.exam.or.jp/wp-content/uploads/2025/10/LC20252114.pdf,2026-08-08,PASS,PASS
2025-10-Q12,2025-10,12,労働衛生,manganese_parkinsonism,マンガン中毒で代表的にみられる症状はどれか。,筋のこわばり・震え・歩行困難など,PASS,PASS,PASS,PASS,PASS,PASS,PASS,N/A,,,https://www.exam.or.jp/wp-content/uploads/2025/10/LC20252114.pdf,https://www.exam.or.jp/wp-content/uploads/2025/10/LC20252114.pdf,2026-08-08,PASS,PASS
2025-10-Q13,2025-10,13,労働衛生,silicosis_silica,けい肺の主な原因となる粉じんはどれか。,遊離けい酸を含む粉じん,PASS,PASS,PASS,PASS,PASS,PASS,PASS,N/A,,,https://www.exam.or.jp/wp-content/uploads/2025/10/LC20252114.pdf,https://www.exam.or.jp/wp-content/uploads/2025/10/LC20252114.pdf,2026-08-08,PASS,PASS
2025-10-Q14,2025-10,14,労働衛生,c5dip,騒音性難聴の初期に特徴的な聴力低下がみられやすい周波数はどれか。,"4,000Hz付近",PASS,PASS,PASS,PASS,PASS,PASS,PASS,N/A,,,https://www.exam.or.jp/wp-content/uploads/2025/10/LC20252114.pdf,https://www.exam.or.jp/wp-content/uploads/2025/10/LC20252114.pdf,2026-08-08,PASS,PASS
2025-10-Q15,2025-10,15,労働衛生,risk_definition,化学物質のリスクを考えるときの基本的な定義として適切なのはどれか。,災害・健康障害が起こる可能性と結果の重大性の組合せ,PASS,PASS,PASS,PASS,PASS,PASS,PASS,N/A,,,https://www.exam.or.jp/wp-content/uploads/2025/10/LC20252114.pdf,https://www.mhlw.go.jp/stf/newpage_11389.html,2026-08-08,PASS,PASS
2025-10-Q16,2025-10,16,労働衛生,organic_liver_kidney,有機溶剤への慢性ばく露で起こり得る健康影響はどれか。,肝機能障害や腎機能障害,PASS,PASS,PASS,PASS,PASS,PASS,PASS,N/A,,,https://www.exam.or.jp/wp-content/uploads/2025/10/LC20252114.pdf,https://www.exam.or.jp/wp-content/uploads/2025/10/LC20252114.pdf,2026-08-08,PASS,PASS
2025-10-Q17,2025-10,17,労働衛生,special_exam_placement,有害業務への配置替え時に行う特殊健康診断の目的として適切なのはどれか。,業務適性の判断と、その後の影響をみる基礎資料を得る,PASS,PASS,PASS,PASS,PASS,PASS,PASS,N/A,,,https://www.exam.or.jp/wp-content/uploads/2025/10/LC20252114.pdf,https://www.exam.or.jp/wp-content/uploads/2025/10/LC20252114.pdf,2026-08-08,PASS,PASS
2025-10-Q18,2025-10,18,労働衛生,A_second_eval_third_class,A測定の第二評価値が管理濃度を超えた単位作業場所の管理区分はどうなるか。,B測定に関係なく第三管理区分,PASS,PASS,PASS,PASS,PASS,PASS,PASS,N/A,,,https://www.exam.or.jp/wp-content/uploads/2025/10/LC20252114.pdf,https://www.exam.or.jp/wp-content/uploads/2025/10/LC20252114.pdf,2026-08-08,PASS,PASS
2025-10-Q19,2025-10,19,労働衛生,gas_mask_canister_colors,防毒マスク吸収缶の色の組合せとして正しいものはどれか。,アンモニア用は緑色、有機ガス用は黒色,PASS,PASS,PASS,PASS,PASS,PASS,PASS,N/A,,,https://www.exam.or.jp/wp-content/uploads/2025/10/LC20252114.pdf,https://www.exam.or.jp/wp-content/uploads/2025/10/LC20252114.pdf,2026-08-08,PASS,PASS
2025-10-Q20,2025-10,20,労働衛生,radiation_cataract_delayed,電離放射線による白内障の分類として適切なのはどれか。,晩発障害,PASS,PASS,PASS,PASS,PASS,PASS,PASS,N/A,,,https://www.exam.or.jp/wp-content/uploads/2025/10/LC20252114.pdf,https://www.exam.or.jp/wp-content/uploads/2025/10/LC20252114.pdf,2026-08-08,PASS,PASS
2025-10-Q21,2025-10,21,関係法令,hygiene_patrol_weekly,衛生管理者の作業場等巡視頻度として正しいものはどれか。,少なくとも毎週1回,PASS,PASS,PASS,PASS,PASS,PASS,PASS,PASS,2026-08-08,,https://www.exam.or.jp/wp-content/uploads/2025/10/LC20252114.pdf,https://www.mhlw.go.jp/web/t_doc?dataId=74003000&dataType=0,2026-08-08,PASS,PASS
2025-10-Q22,2025-10,22,関係法令,committee_worker_half,衛生委員会の議長を除く委員について、過半数労組等の推薦に基づいて指名する割合は原則どれか。,半数,PASS,PASS,PASS,PASS,PASS,PASS,PASS,PASS,2026-08-08,,https://www.exam.or.jp/wp-content/uploads/2025/10/LC20252114.pdf,https://anzeninfo.mhlw.go.jp/yougo/yougo44_1.html,2026-08-08,PASS,PASS
2025-10-Q23,2025-10,23,関係法令,cleaning_general_manager_100,清掃業で総括安全衛生管理者の選任が必要となる規模はどれか。,常時100人以上,PASS,PASS,PASS,PASS,PASS,PASS,PASS,PASS,2026-08-08,,https://www.exam.or.jp/wp-content/uploads/2025/10/LC20252114.pdf,https://anzeninfo.mhlw.go.jp/yougo/yougo35_1.html,2026-08-08,PASS,PASS
2025-10-Q24,2025-10,24,関係法令,stress_report_annual_50,ストレスチェック等の実施状況を監督署へ報告する義務がある事業場の基本基準はどれか。,常時50人以上で、1年以内ごとに1回,PASS,PASS,PASS,PASS,PASS,PASS,PASS,PASS,2026-08-08,2028-04-01: 50人未満事業場へのストレスチェック義務拡大。施行時に設問・解説再監査。,https://www.exam.or.jp/wp-content/uploads/2025/10/LC20252114.pdf,https://anzeninfo.mhlw.go.jp/yougo/yougo95_1.html,2026-08-08,PASS,PASS
2025-10-Q25,2025-10,25,関係法令,office_air_volume,事務室の気積は、設備等を除き労働者1人当たり原則どれだけ以上必要か。,10m³以上,PASS,PASS,PASS,PASS,PASS,PASS,PASS,PASS,2026-08-08,,https://www.exam.or.jp/wp-content/uploads/2025/10/LC20252114.pdf,https://www.mhlw.go.jp/web/t_doc?dataId=74089000&dataType=0&pageNo=1,2026-08-08,PASS,PASS
2025-10-Q26,2025-10,26,関係法令,monitoring_permission,監視または断続的労働について労働時間・休憩・休日規定の適用除外を受けるため必要なのはどれか。,行政官庁の許可,PASS,PASS,PASS,PASS,PASS,PASS,PASS,PASS,2026-08-08,,https://www.exam.or.jp/wp-content/uploads/2025/10/LC20252114.pdf,https://www.mhlw.go.jp/web/t_doc?dataId=74001000&dataType=0,2026-08-08,PASS,PASS
2025-10-Q27,2025-10,27,関係法令,paid_4days_3half,週4日・週24時間勤務、勤続3年6か月、出勤率8割以上の労働者に新たに付与する年休は何日か。,10日,PASS,PASS,PASS,PASS,PASS,PASS,PASS,PASS,2026-08-08,,https://www.exam.or.jp/wp-content/uploads/2025/10/LC20252114.pdf,https://www.mhlw.go.jp/seisakunitsuite/bunya/koyou_roudou/roudouseisaku/chushoukigyou/joken_kankyou_rule.html,2026-08-08,PASS,PASS
2025-10-Q28,2025-10,28,労働衛生,mental_primary_prevention,メンタルヘルス対策の一次予防に当たるものはどれか。,ストレス要因の低減やセルフケア教育で不調発生を予防する,PASS,PASS,PASS,PASS,PASS,PASS,PASS,N/A,,,https://www.exam.or.jp/wp-content/uploads/2025/10/LC20252114.pdf,https://www.exam.or.jp/wp-content/uploads/2025/10/LC20252114.pdf,2026-08-08,PASS,PASS
2025-10-Q29,2025-10,29,労働衛生,thp_not_replacement,THPと法定健康診断の関係として正しいものはどれか。,THPを実施しても法定健康診断が当然に不要になるわけではない,PASS,PASS,PASS,PASS,PASS,PASS,PASS,N/A,,,https://www.exam.or.jp/wp-content/uploads/2025/10/LC20252114.pdf,https://kokoro.mhlw.go.jp/glossaries/word-1510/,2026-08-08,PASS,PASS
2025-10-Q30,2025-10,30,労働衛生,histamine_heat_stable,ヒスタミン食中毒について正しいものはどれか。,一度生成されたヒスタミンは通常の加熱で分解されにくい,PASS,PASS,PASS,PASS,PASS,PASS,PASS,N/A,,,https://www.exam.or.jp/wp-content/uploads/2025/10/LC20252114.pdf,https://www.exam.or.jp/wp-content/uploads/2025/10/LC20252114.pdf,2026-08-08,PASS,PASS
2025-10-Q31,2025-10,31,労働衛生,exercise_ecg,虚血性心疾患の評価に用いられることがある検査はどれか。,運動負荷心電図,PASS,PASS,PASS,PASS,PASS,PASS,PASS,N/A,,,https://www.exam.or.jp/wp-content/uploads/2025/10/LC20252114.pdf,https://www.exam.or.jp/wp-content/uploads/2025/10/LC20252114.pdf,2026-08-08,PASS,PASS
2025-10-Q32,2025-10,32,労働衛生,open_fracture,開放骨折の説明として正しいものはどれか。,骨折部が創を通じて外界と交通している,PASS,PASS,PASS,PASS,PASS,PASS,PASS,N/A,,,https://www.exam.or.jp/wp-content/uploads/2025/10/LC20252114.pdf,https://www.exam.or.jp/wp-content/uploads/2025/10/LC20252114.pdf,2026-08-08,PASS,PASS
2025-10-Q33,2025-10,33,労働衛生,prevalence,有病率の説明として正しいものはどれか。,ある時点・期間に疾病を有する人の割合,PASS,PASS,PASS,PASS,PASS,PASS,PASS,N/A,,,https://www.exam.or.jp/wp-content/uploads/2025/10/LC20252114.pdf,https://www.exam.or.jp/wp-content/uploads/2025/10/LC20252114.pdf,2026-08-08,PASS,PASS
2025-10-Q34,2025-10,34,労働衛生,bmi_formula,BMIの計算式はどれか。,体重(kg)÷身長(m)²,PASS,PASS,PASS,PASS,PASS,PASS,PASS,N/A,,,https://www.exam.or.jp/wp-content/uploads/2025/10/LC20252114.pdf,https://www.exam.or.jp/wp-content/uploads/2025/10/LC20252114.pdf,2026-08-08,PASS,PASS
2025-10-Q35,2025-10,35,労働生理,glomerular_filtration,血液から原尿が作られる最初の濾過部位はどれか。,糸球体,PASS,PASS,PASS,PASS,PASS,PASS,PASS,N/A,,,https://www.exam.or.jp/wp-content/uploads/2025/10/LC20252114.pdf,https://www.exam.or.jp/wp-content/uploads/2025/10/LC20252114.pdf,2026-08-08,PASS,PASS
2025-10-Q36,2025-10,36,労働生理,pulmonary_circulation,肺循環の流れとして正しいものはどれか。,右心室→肺動脈→肺→肺静脈→左心房,PASS,PASS,PASS,PASS,PASS,PASS,PASS,N/A,,,https://www.exam.or.jp/wp-content/uploads/2025/10/LC20252114.pdf,https://www.exam.or.jp/wp-content/uploads/2025/10/LC20252114.pdf,2026-08-08,PASS,PASS
2025-10-Q37,2025-10,37,労働生理,insulin_pancreas_glucose_lowering,ホルモン・内分泌器官・主な働きの組合せとして正しいものはどれか。,インスリン―膵臓―血糖量を減少させる方向に働く,PASS,PASS,PASS,PASS,PASS,PASS,PASS,N/A,,,https://www.exam.or.jp/wp-content/uploads/2025/10/LC20252114.pdf,https://www.exam.or.jp/wp-content/uploads/2025/10/LC20252114.pdf,2026-08-08,PASS,PASS
2025-10-Q38,2025-10,38,労働生理,protein_enzymes,蛋白質の消化に関与する酵素の組合せはどれか。,ペプシンとトリプシン,PASS,PASS,PASS,PASS,PASS,PASS,PASS,N/A,,,https://www.exam.or.jp/wp-content/uploads/2025/10/LC20252114.pdf,https://www.exam.or.jp/wp-content/uploads/2025/10/LC20252114.pdf,2026-08-08,PASS,PASS
2025-10-Q39,2025-10,39,労働生理,nutrients_absorbed_without_enzymatic_digestion,消化・吸収について正しいものはどれか。,無機塩やビタミンは、消化酵素による分解を受けずに吸収される,PASS,PASS,PASS,PASS,PASS,PASS,PASS,N/A,,,https://www.exam.or.jp/wp-content/uploads/2025/10/LC20252114.pdf,https://www.exam.or.jp/wp-content/uploads/2025/10/LC20252114.pdf,2026-08-08,PASS,PASS
2025-10-Q40,2025-10,40,労働生理,abo_antigen,ABO式血液型を決める主な抗原がある場所はどれか。,赤血球表面,PASS,PASS,PASS,PASS,PASS,PASS,PASS,N/A,,,https://www.exam.or.jp/wp-content/uploads/2025/10/LC20252114.pdf,https://www.exam.or.jp/wp-content/uploads/2025/10/LC20252114.pdf,2026-08-08,PASS,PASS
2025-10-Q41,2025-10,41,労働生理,cortex_gray,大脳皮質の構成として正しいものはどれか。,神経細胞体が多い灰白質が外側にある,PASS,PASS,PASS,PASS,PASS,PASS,PASS,N/A,,,https://www.exam.or.jp/wp-content/uploads/2025/10/LC20252114.pdf,https://www.exam.or.jp/wp-content/uploads/2025/10/LC20252114.pdf,2026-08-08,PASS,PASS
2025-10-Q42,2025-10,42,労働生理,aerobic_metabolism,骨格筋で酸素が十分あるときのエネルギー代謝として正しいものはどれか。,糖質や脂質が主に二酸化炭素と水まで酸化されATP産生に使われる,PASS,PASS,PASS,PASS,PASS,PASS,PASS,N/A,,,https://www.exam.or.jp/wp-content/uploads/2025/10/LC20252114.pdf,https://www.exam.or.jp/wp-content/uploads/2025/10/LC20252114.pdf,2026-08-08,PASS,PASS
2025-10-Q43,2025-10,43,労働生理,thyroid_metabolism,甲状腺ホルモンの代表的作用はどれか。,基礎代謝を高める,PASS,PASS,PASS,PASS,PASS,PASS,PASS,N/A,,,https://www.exam.or.jp/wp-content/uploads/2025/10/LC20252114.pdf,https://www.exam.or.jp/wp-content/uploads/2025/10/LC20252114.pdf,2026-08-08,PASS,PASS
2025-10-Q44,2025-10,44,労働生理,stress_catecholamines,ストレス反応に深く関与するカテコールアミンの組合せとして適切なのはどれか。,アドレナリンとノルアドレナリン,PASS,PASS,PASS,PASS,PASS,PASS,PASS,N/A,,,https://www.exam.or.jp/wp-content/uploads/2025/10/LC20252114.pdf,https://www.exam.or.jp/wp-content/uploads/2025/10/LC20252114.pdf,2026-08-08,PASS,PASS
2025-04-Q01,2025-04,1,関係法令,mfg600_hygiene_manager_count,常時600人を使用する製造業の事業場で必要な衛生管理者の最低人数は何人か。,3人,PASS,PASS,PASS,PASS,PASS,PASS,PASS,PASS,2026-08-08,,https://www.exam.or.jp/wp-content/uploads/2025/04/LC20251114.pdf,https://www.mhlw.go.jp/web/t_doc?dataId=74003000&dataType=0,2026-08-08,PASS,PASS
2025-04-Q02,2025-04,2,関係法令,sulfuric_specific_equipment_2y,硫酸を取り扱う特定化学設備の定期自主検査について正しいものはどれか。,1年以内ではなく、原則2年以内ごとに1回,PASS,PASS,PASS,PASS,PASS,PASS,PASS,PASS,2026-08-08,,https://www.exam.or.jp/wp-content/uploads/2025/04/LC20251114.pdf,https://www.mhlw.go.jp/web/t_doc?dataId=74097000&dataType=0,2026-08-08,PASS,PASS
2025-04-Q03,2025-04,3,関係法令,co_mask_standard,法令上、厚生労働大臣が定める規格を満たす必要があるものはどれか。,一酸化炭素用防毒マスク,PASS,PASS,PASS,PASS,PASS,PASS,PASS,PASS,2026-08-08,,https://www.exam.or.jp/wp-content/uploads/2025/04/LC20251114.pdf,https://anzeninfo.mhlw.go.jp/yougo/yougo88_1.html,2026-08-08,PASS,PASS
2025-04-Q04,2025-04,4,関係法令,asbestos_supervisor_skill,石綿作業主任者の選任資格として正しいものはどれか。,石綿作業主任者技能講習を修了した者,PASS,PASS,PASS,PASS,PASS,PASS,PASS,PASS,2026-08-08,,https://www.exam.or.jp/wp-content/uploads/2025/04/LC20251114.pdf,https://anzeninfo.mhlw.go.jp/yougo/yougo34_1.html,2026-08-08,PASS,PASS
2025-04-Q05,2025-04,5,関係法令,hot_humid_rest_outside,著しく暑熱または多湿の作業場で原則必要な休憩設備はどれか。,作業場外に休憩設備を設ける,PASS,PASS,PASS,PASS,PASS,PASS,PASS,PASS,2026-08-08,,https://www.exam.or.jp/wp-content/uploads/2025/04/LC20251114.pdf,https://www.mhlw.go.jp/web/t_doc?dataId=74003000&dataType=0,2026-08-08,PASS,PASS
2025-04-Q06,2025-04,6,関係法令,special_management_long_records,特別管理物質に常時従事した労働者の作業記録等について重要な管理はどれか。,長期保存し、事業廃止時には法定の対象記録を監督署へ提出する,PASS,PASS,PASS,PASS,PASS,PASS,PASS,PASS,2026-08-08,,https://www.exam.or.jp/wp-content/uploads/2025/04/LC20251114.pdf,https://www.mhlw.go.jp/web/t_doc?dataId=74097000&dataType=0,2026-08-08,PASS,PASS
2025-04-Q07,2025-04,7,関係法令,label_sds_risk_assessment,リスクアセスメント対象物を新たに採用・変更するとき、事業者が行うべき基本対応はどれか。,危険性・有害性を特定してリスクアセスメントを行う,PASS,PASS,PASS,PASS,PASS,PASS,PASS,PASS,2026-08-08,,https://www.exam.or.jp/wp-content/uploads/2025/04/LC20251114.pdf,https://www.mhlw.go.jp/stf/newpage_11389.html,2026-08-08,PASS,PASS
2025-04-Q08,2025-04,8,関係法令,oxygen_no_pure_oxygen_ventilation,酸素欠乏危険場所の換気方法として禁止されるものはどれか。,純酸素を用いて換気する,PASS,PASS,PASS,PASS,PASS,PASS,PASS,PASS,2026-08-08,,https://www.exam.or.jp/wp-content/uploads/2025/04/LC20251114.pdf,https://www.mhlw.go.jp/web/t_doc?dataId=74105000&dataType=0&pageNo=1,2026-08-08,PASS,PASS
2025-04-Q09,2025-04,9,関係法令,cement_dust_measurement,セメントを袋詰めする屋内作業場で法令上行う作業環境測定の中心項目はどれか。,空気中の粉じん濃度,PASS,PASS,PASS,PASS,PASS,PASS,PASS,PASS,2026-08-08,,https://www.exam.or.jp/wp-content/uploads/2025/04/LC20251114.pdf,https://www.mhlw.go.jp/web/t_doc?dataId=74003000&dataType=0,2026-08-08,PASS,PASS
2025-04-Q10,2025-04,10,関係法令,vibration_overtime_cap,1日の時間外労働の延長が2時間以内に制限される業務はどれか。,削岩機などで身体に著しい振動を与える業務,PASS,PASS,PASS,PASS,PASS,PASS,PASS,PASS,2026-08-08,,https://www.exam.or.jp/wp-content/uploads/2025/04/LC20251114.pdf,https://www.mhlw.go.jp/web/t_doc?dataId=74001000&dataType=0,2026-08-08,PASS,PASS
2025-04-Q11,2025-04,11,労働衛生,management_concentration_role,管理濃度の説明として正しいものはどれか。,作業環境の管理区分を判断するための指標で、個人ばく露限界そのものではない,PASS,PASS,PASS,PASS,PASS,PASS,PASS,N/A,,,https://www.exam.or.jp/wp-content/uploads/2025/04/LC20251114.pdf,https://www.exam.or.jp/wp-content/uploads/2025/04/LC20251114.pdf,2026-08-08,PASS,PASS
2025-04-Q12,2025-04,12,労働衛生,so2_gas,25℃・1気圧で「ガス」として扱う物質はどれか。,二酸化硫黄,PASS,PASS,PASS,PASS,PASS,PASS,PASS,N/A,,,https://www.exam.or.jp/wp-content/uploads/2025/04/LC20251114.pdf,https://www.exam.or.jp/wp-content/uploads/2025/04/LC20251114.pdf,2026-08-08,PASS,PASS
2025-04-Q13,2025-04,13,労働衛生,methanol_optic,メタノール中毒で特に注意する障害はどれか。,視神経障害・視力障害,PASS,PASS,PASS,PASS,PASS,PASS,PASS,N/A,,,https://www.exam.or.jp/wp-content/uploads/2025/04/LC20251114.pdf,https://www.exam.or.jp/wp-content/uploads/2025/04/LC20251114.pdf,2026-08-08,PASS,PASS
2025-04-Q14,2025-04,14,労働衛生,stochastic_vs_tissue,放射線の確率的影響の特徴として適切なのはどれか。,線量が増えると主に発生確率が増えると考える,PASS,PASS,PASS,PASS,PASS,PASS,PASS,N/A,,,https://www.exam.or.jp/wp-content/uploads/2025/04/LC20251114.pdf,https://www.exam.or.jp/wp-content/uploads/2025/04/LC20251114.pdf,2026-08-08,PASS,PASS
2025-04-Q15,2025-04,15,労働衛生,cadmium_kidney,カドミウムへの慢性ばく露で特に注意する臓器障害はどれか。,腎障害,PASS,PASS,PASS,PASS,PASS,PASS,PASS,N/A,,,https://www.exam.or.jp/wp-content/uploads/2025/04/LC20251114.pdf,https://www.exam.or.jp/wp-content/uploads/2025/04/LC20251114.pdf,2026-08-08,PASS,PASS
2025-04-Q16,2025-04,16,労働衛生,heat_cramp_salt,高温作業で大量発汗後に筋けいれんが起きた。関連が深いのはどれか。,ナトリウムなど電解質の不足,PASS,PASS,PASS,PASS,PASS,PASS,PASS,N/A,,,https://www.exam.or.jp/wp-content/uploads/2025/04/LC20251114.pdf,https://www.exam.or.jp/wp-content/uploads/2025/04/LC20251114.pdf,2026-08-08,PASS,PASS
2025-04-Q17,2025-04,17,労働衛生,cyanide_cellular_respiration,シアン化物の主要な毒性機序はどれか。,細胞内の酸素利用を妨げる,PASS,PASS,PASS,PASS,PASS,PASS,PASS,N/A,,,https://www.exam.or.jp/wp-content/uploads/2025/04/LC20251114.pdf,https://www.exam.or.jp/wp-content/uploads/2025/04/LC20251114.pdf,2026-08-08,PASS,PASS
2025-04-Q18,2025-04,18,労働衛生,B_measurement_peak,作業環境測定のB測定の目的として適切なのはどれか。,有害物質の高濃度ばく露が予想される場所・時間の濃度を把握する,PASS,PASS,PASS,PASS,PASS,PASS,PASS,N/A,,,https://www.exam.or.jp/wp-content/uploads/2025/04/LC20251114.pdf,https://www.exam.or.jp/wp-content/uploads/2025/04/LC20251114.pdf,2026-08-08,PASS,PASS
2025-04-Q19,2025-04,19,労働衛生,direct_vs_isolated_gasmask,防毒マスクの直結式と隔離式について適切な説明はどれか。,一般に隔離式の方が直結式より高濃度側の使用範囲をもつ,PASS,PASS,PASS,PASS,PASS,PASS,PASS,N/A,,,https://www.exam.or.jp/wp-content/uploads/2025/04/LC20251114.pdf,https://anzeninfo.mhlw.go.jp/yougo/yougo88_1.html,2026-08-08,PASS,PASS
2025-04-Q20,2025-04,20,労働衛生,biological_monitoring_internal,生物学的モニタリングの主な目的はどれか。,体内に取り込まれた有害物質・代謝物等から内部ばく露を把握する,PASS,PASS,PASS,PASS,PASS,PASS,PASS,N/A,,,https://www.exam.or.jp/wp-content/uploads/2025/04/LC20251114.pdf,https://www.exam.or.jp/wp-content/uploads/2025/04/LC20251114.pdf,2026-08-08,PASS,PASS
2025-04-Q21,2025-04,21,関係法令,security300_no_general_manager,常時300人の警備業の事業場について、総括安全衛生管理者の選任義務はどうなるか。,この人数だけでは選任義務は生じない,PASS,PASS,PASS,PASS,PASS,PASS,PASS,PASS,2026-08-08,,https://www.exam.or.jp/wp-content/uploads/2025/04/LC20251114.pdf,https://anzeninfo.mhlw.go.jp/yougo/yougo35_1.html,2026-08-08,PASS,PASS
2025-04-Q22,2025-04,22,関係法令,hygiene_manager_not_command_promoter,衛生管理者が管理すべき業務として法令に定められていないものはどれか。,衛生推進者を指揮すること,PASS,PASS,PASS,PASS,PASS,PASS,PASS,PASS,2026-08-08,,https://www.exam.or.jp/wp-content/uploads/2025/04/LC20251114.pdf,https://www.mhlw.go.jp/web/t_doc?dataId=74003000&dataType=0,2026-08-08,PASS,PASS
2025-04-Q23,2025-04,23,関係法令,committee_chair_can_general_manager,衛生委員会の議長について正しいものはどれか。,総括安全衛生管理者である委員が議長となることができる,PASS,PASS,PASS,PASS,PASS,PASS,PASS,PASS,2026-08-08,,https://www.exam.or.jp/wp-content/uploads/2025/04/LC20251114.pdf,https://anzeninfo.mhlw.go.jp/yougo/yougo44_1.html,2026-08-08,PASS,PASS
2025-04-Q24,2025-04,24,関係法令,stress_result_consent,ストレスチェックの個人結果を事業者へ提供する原則はどれか。,結果通知後に本人の同意が必要,PASS,PASS,PASS,PASS,PASS,PASS,PASS,PASS,2026-08-08,,https://www.exam.or.jp/wp-content/uploads/2025/04/LC20251114.pdf,https://anzeninfo.mhlw.go.jp/yougo/yougo95_1.html,2026-08-08,PASS,PASS
2025-04-Q25,2025-04,25,関係法令,kitchen_no_dirty_shoes,事業場附属の炊事場の衛生管理として適切なのはどれか。,土足のまま立ち入らせず、汚染を持ち込まない,PASS,PASS,PASS,PASS,PASS,PASS,PASS,PASS,2026-08-08,,https://www.exam.or.jp/wp-content/uploads/2025/04/LC20251114.pdf,https://www.mhlw.go.jp/web/t_doc?dataId=74003000&dataType=0,2026-08-08,PASS,PASS
2025-04-Q26,2025-04,26,関係法令,maternity_light_work,妊娠中の女性が請求した場合の使用者の対応はどれか。,他の軽易な業務へ転換する,PASS,PASS,PASS,PASS,PASS,PASS,PASS,PASS,2026-08-08,,https://www.exam.or.jp/wp-content/uploads/2025/04/LC20251114.pdf,https://www.bosei-navi.mhlw.go.jp/gimu/taiou.html,2026-08-08,PASS,PASS
2025-04-Q27,2025-04,27,関係法令,paid_30h_4days_3half,週4日勤務でも週所定労働時間30時間、勤続3年6か月、出勤率8割以上なら新たな年休は何日か。,14日,PASS,PASS,PASS,PASS,PASS,PASS,PASS,PASS,2026-08-08,,https://www.exam.or.jp/wp-content/uploads/2025/04/LC20251114.pdf,https://www.mhlw.go.jp/seisakunitsuite/bunya/koyou_roudou/roudouseisaku/chushoukigyou/joken_kankyou_rule.html,2026-08-08,PASS,PASS
2025-04-Q28,2025-04,28,労働衛生,display_distance,情報機器作業でディスプレイとの視距離の目安として適切なのはどれか。,おおむね40cm以上を確保し、画面上端を眼の高さと同程度かやや下にする,PASS,PASS,PASS,PASS,PASS,PASS,PASS,N/A,,,https://www.exam.or.jp/wp-content/uploads/2025/04/LC20251114.pdf,https://www.exam.or.jp/wp-content/uploads/2025/04/LC20251114.pdf,2026-08-08,PASS,PASS
2025-04-Q29,2025-04,29,労働衛生,incidence,一定期間に新たに疾病を発症した人の頻度を示す指標はどれか。,罹患率（発生率）,PASS,PASS,PASS,PASS,PASS,PASS,PASS,N/A,,,https://www.exam.or.jp/wp-content/uploads/2025/04/LC20251114.pdf,https://www.exam.or.jp/wp-content/uploads/2025/04/LC20251114.pdf,2026-08-08,PASS,PASS
2025-04-Q30,2025-04,30,労働衛生,thp_health_data_use,THPの健康測定で法定健康診断結果を活用することについて適切なのはどれか。,目的に応じて活用できる,PASS,PASS,PASS,PASS,PASS,PASS,PASS,N/A,,,https://www.exam.or.jp/wp-content/uploads/2025/04/LC20251114.pdf,https://kokoro.mhlw.go.jp/glossaries/word-1510/,2026-08-08,PASS,PASS
2025-04-Q31,2025-04,31,労働衛生,thrombosis_embolism,脳血栓症と脳塞栓症の違いとして適切なのはどれか。,血栓症はその場で血栓形成、塞栓症は他部位から流れた塞栓子が閉塞する,PASS,PASS,PASS,PASS,PASS,PASS,PASS,N/A,,,https://www.exam.or.jp/wp-content/uploads/2025/04/LC20251114.pdf,https://www.exam.or.jp/wp-content/uploads/2025/04/LC20251114.pdf,2026-08-08,PASS,PASS
2025-04-Q32,2025-04,32,労働衛生,secondhand_smoke_category2,一般の事務所や工場の受動喫煙対策上の原則はどれか。,第二種施設として原則屋内禁煙,PASS,PASS,PASS,PASS,PASS,PASS,PASS,N/A,,,https://www.exam.or.jp/wp-content/uploads/2025/04/LC20251114.pdf,https://www.mhlw.go.jp/web/t_doc?dataId=00tc3934&dataType=1&pageNo=1,2026-08-08,PASS,PASS
2025-04-Q33,2025-04,33,労働衛生,bmi_175_80,身長1.75m、体重80kgのBMIとして最も近いものはどれか。,26.1,PASS,PASS,PASS,PASS,PASS,PASS,PASS,N/A,,,https://www.exam.or.jp/wp-content/uploads/2025/04/LC20251114.pdf,https://www.exam.or.jp/wp-content/uploads/2025/04/LC20251114.pdf,2026-08-08,PASS,PASS
2025-04-Q34,2025-04,34,労働衛生,histamine_prevention,ヒスタミン食中毒の予防で重要なのはどれか。,魚などを低温管理し、ヒスタミンを生成させない,PASS,PASS,PASS,PASS,PASS,PASS,PASS,N/A,,,https://www.exam.or.jp/wp-content/uploads/2025/04/LC20251114.pdf,https://www.exam.or.jp/wp-content/uploads/2025/04/LC20251114.pdf,2026-08-08,PASS,PASS
2025-04-Q35,2025-04,35,労働生理,abo_red_cell,ABO式血液型について正しいものはどれか。,A型の血清には抗B抗体があり、分類の主な抗原は赤血球表面にある,PASS,PASS,PASS,PASS,PASS,PASS,PASS,N/A,,,https://www.exam.or.jp/wp-content/uploads/2025/04/LC20251114.pdf,https://www.exam.or.jp/wp-content/uploads/2025/04/LC20251114.pdf,2026-08-08,PASS,PASS
2025-04-Q36,2025-04,36,労働生理,heart_intrinsic_pacemaker,心臓が規則的に拍動するための刺激が通常最初に生じる部位はどれか。,洞房結節,PASS,PASS,PASS,PASS,PASS,PASS,PASS,N/A,,,https://www.exam.or.jp/wp-content/uploads/2025/04/LC20251114.pdf,https://www.exam.or.jp/wp-content/uploads/2025/04/LC20251114.pdf,2026-08-08,PASS,PASS
2025-04-Q37,2025-04,37,労働生理,resting_tidal_volume,成人安静時の1回換気量の目安はどれか。,約500mL,PASS,PASS,PASS,PASS,PASS,PASS,PASS,N/A,,,https://www.exam.or.jp/wp-content/uploads/2025/04/LC20251114.pdf,https://www.exam.or.jp/wp-content/uploads/2025/04/LC20251114.pdf,2026-08-08,PASS,PASS
2025-04-Q38,2025-04,38,労働生理,pepsin_stomach,蛋白質の消化を始めるペプシンが主に働く場所はどこか。,胃,PASS,PASS,PASS,PASS,PASS,PASS,PASS,N/A,,,https://www.exam.or.jp/wp-content/uploads/2025/04/LC20251114.pdf,https://www.exam.or.jp/wp-content/uploads/2025/04/LC20251114.pdf,2026-08-08,PASS,PASS
2025-04-Q39,2025-04,39,労働生理,thermoregulation_cold,寒冷環境で熱放散を減らす生理反応はどれか。,皮膚血管の収縮,PASS,PASS,PASS,PASS,PASS,PASS,PASS,N/A,,,https://www.exam.or.jp/wp-content/uploads/2025/04/LC20251114.pdf,https://www.exam.or.jp/wp-content/uploads/2025/04/LC20251114.pdf,2026-08-08,PASS,PASS
2025-04-Q40,2025-04,40,労働生理,bun_high,腎機能低下で一般に上昇することがある血液検査値はどれか。,尿素窒素（BUN）,PASS,PASS,PASS,PASS,PASS,PASS,PASS,N/A,,,https://www.exam.or.jp/wp-content/uploads/2025/04/LC20251114.pdf,https://www.exam.or.jp/wp-content/uploads/2025/04/LC20251114.pdf,2026-08-08,PASS,PASS
2025-04-Q41,2025-04,41,労働生理,muscle_atp,筋収縮の直接のエネルギー源はどれか。,ATPの加水分解,PASS,PASS,PASS,PASS,PASS,PASS,PASS,N/A,,,https://www.exam.or.jp/wp-content/uploads/2025/04/LC20251114.pdf,https://www.exam.or.jp/wp-content/uploads/2025/04/LC20251114.pdf,2026-08-08,PASS,PASS
2025-04-Q42,2025-04,42,労働生理,presbyopia,老視で起こる変化として適切なのはどれか。,水晶体の調節力が低下し近点が遠くなる,PASS,PASS,PASS,PASS,PASS,PASS,PASS,N/A,,,https://www.exam.or.jp/wp-content/uploads/2025/04/LC20251114.pdf,https://www.exam.or.jp/wp-content/uploads/2025/04/LC20251114.pdf,2026-08-08,PASS,PASS
2025-04-Q43,2025-04,43,労働生理,stress_response,典型的なストレス反応として適切なのはどれか。,副腎皮質ホルモン分泌が増加することがある,PASS,PASS,PASS,PASS,PASS,PASS,PASS,N/A,,,https://www.exam.or.jp/wp-content/uploads/2025/04/LC20251114.pdf,https://www.exam.or.jp/wp-content/uploads/2025/04/LC20251114.pdf,2026-08-08,PASS,PASS
2025-04-Q44,2025-04,44,労働生理,melatonin_source,メラトニンの分泌器官として正しいものはどれか。,松果体,PASS,PASS,PASS,PASS,PASS,PASS,PASS,N/A,,,https://www.exam.or.jp/wp-content/uploads/2025/04/LC20251114.pdf,https://www.exam.or.jp/wp-content/uploads/2025/04/LC20251114.pdf,2026-08-08,PASS,PASS
