id,round,official_no,subject,concept,correct,official_recurrence,recurrence_family,law_as_of,audit_source,result
2026-04-Q01,2026-04,1,関係法令,mfg400_hygiene_manager_count,2人,True,management_system,2026-08-08,https://www.mhlw.go.jp/web/t_doc?dataId=74003000&dataType=0,PASS
2026-04-Q02,2026-04,2,関係法令,papr_standard,防じん機能を有する電動ファン付き呼吸用保護具,True,regulated_ppe,2026-08-08,https://anzeninfo.mhlw.go.jp/yougo/yougo88_1.html,PASS
2026-04-Q03,2026-04,3,関係法令,specified_equipment_2y,2年以内ごとに1回,True,specific_equipment,2026-08-08,https://www.mhlw.go.jp/web/t_doc?dataId=74097000&dataType=0,PASS
2026-04-Q04,2026-04,4,関係法令,class1_manufacture_permit,厚生労働大臣の許可,False,,2026-08-08,https://www.mhlw.go.jp/web/t_doc?dataId=74097000&dataType=0,PASS
2026-04-Q05,2026-04,5,関係法令,organic_health_record_5y,5年,False,,2026-08-08,https://www.mhlw.go.jp/web/t_doc?dataId=74090000&dataType=0&pageNo=1,PASS
2026-04-Q06,2026-04,6,関係法令,dust_special_education,粉じん作業に関する特別教育,False,,2026-08-08,https://www.mhlw.go.jp/web/t_doc?dataId=74003000&dataType=0,PASS
2026-04-Q07,2026-04,7,関係法令,lead_supervisor_skill,鉛作業主任者技能講習を修了する,False,,2026-08-08,https://anzeninfo.mhlw.go.jp/yougo/yougo34_1.html,PASS
2026-04-Q08,2026-04,8,関係法令,label_required_info,その物質に適用される全法令名の一覧,False,,2026-08-08,https://www.mhlw.go.jp/stf/newpage_11237.html,PASS
2026-04-Q09,2026-04,9,関係法令,xray_measurement,線量当量率または線量当量,False,,2026-08-08,https://www.mhlw.go.jp/web/t_doc?dataId=74003000&dataType=0,PASS
2026-04-Q10,2026-04,10,関係法令,hazardous_overtime_cold,著しく寒冷な場所における業務,False,,2026-08-08,https://www.mhlw.go.jp/web/t_doc?dataId=74001000&dataType=0,PASS
2026-04-Q11,2026-04,11,労働衛生,acrylonitrile_vapor,アクリロニトリル,False,,,https://www.exam.or.jp/wp-content/uploads/2026/04/LC20260415.pdf,PASS
2026-04-Q12,2026-04,12,労働衛生,risk_substitution,より有害性の低い物質への代替,True,risk_assessment,,https://www.mhlw.go.jp/stf/newpage_11389.html,PASS
2026-04-Q13,2026-04,13,労働衛生,cs2_neuro,精神・神経症状,False,,,https://www.exam.or.jp/wp-content/uploads/2026/04/LC20260415.pdf,PASS
2026-04-Q14,2026-04,14,労働衛生,noise_source_control,発生源・伝ぱ経路対策を先に検討し、必要に応じて聴覚保護具を併用する,False,,,https://www.exam.or.jp/wp-content/uploads/2026/04/LC20260415.pdf,PASS
2026-04-Q15,2026-04,15,労働衛生,alpha_particle,粒子線で、物質への透過力は比較的弱い,False,,,https://www.exam.or.jp/wp-content/uploads/2026/04/LC20260415.pdf,PASS
2026-04-Q16,2026-04,16,労働衛生,oxygen_respirator,送気マスク,True,oxygen_deficiency,,https://www.mhlw.go.jp/web/t_doc?dataId=74105000&dataType=0&pageNo=1,PASS
2026-04-Q17,2026-04,17,労働衛生,mercury_cns,中枢神経系,False,,,https://www.exam.or.jp/wp-content/uploads/2026/04/LC20260415.pdf,PASS
2026-04-Q18,2026-04,18,労働衛生,external_hood_airflow,囲い式より大きな排風量を要しやすい,False,,,https://www.exam.or.jp/wp-content/uploads/2026/04/LC20260415.pdf,PASS
2026-04-Q19,2026-04,19,労働衛生,bio_sampling_timing,物質により体内半減期が短く、採取時刻で濃度が変わるため,False,,,https://www.exam.or.jp/wp-content/uploads/2026/04/LC20260415.pdf,PASS
2026-04-Q20,2026-04,20,労働衛生,nhexane_metabolite,"2,5-ヘキサンジオン",False,,,https://www.exam.or.jp/wp-content/uploads/2026/04/LC20260415.pdf,PASS
2026-04-Q21,2026-04,21,関係法令,industrial_physician_over3000,2人以上,False,,2026-08-08,https://anzeninfo.mhlw.go.jp/yougo/yougo19_1.html,PASS
2026-04-Q22,2026-04,22,関係法令,consultant_registration,所定の名簿への登録,False,,2026-08-08,https://www.mhlw.go.jp/web/t_doc?dataId=74001000&dataType=0,PASS
2026-04-Q23,2026-04,23,関係法令,health_exam_work_history,既往歴および業務歴の調査,False,,2026-08-08,https://www.mhlw.go.jp/web/t_doc?dataId=74003000&dataType=0,PASS
2026-04-Q24,2026-04,24,関係法令,long_hours_80_request,本人の申出を受けて医師による面接指導を行う,False,,2026-08-08,https://www.mhlw.go.jp/web/t_doc?dataId=74003000&dataType=0,PASS
2026-04-Q25,2026-04,25,関係法令,workroom_opening,20分の1以上,False,,2026-08-08,https://www.mhlw.go.jp/web/t_doc?dataId=74089000&dataType=0&pageNo=1,PASS
2026-04-Q26,2026-04,26,関係法令,paid_3days_2half,6日,True,paid_leave,2026-08-08,https://www.mhlw.go.jp/seisakunitsuite/bunya/koyou_roudou/roudouseisaku/chushoukigyou/joken_kankyou_rule.html,PASS
2026-04-Q27,2026-04,27,関係法令,overtime_limits,原則月45時間・年360時間、特別条項でも月100時間未満・年720時間以内,False,,2026-08-08,https://www.mhlw.go.jp/web/t_doc?dataId=74001000&dataType=0,PASS
2026-04-Q28,2026-04,28,労働衛生,wbgt,WBGT,False,,,https://www.exam.or.jp/wp-content/uploads/2026/04/LC20260415.pdf,PASS
2026-04-Q29,2026-04,29,労働衛生,thp_guidance,運動・保健・栄養・メンタルヘルスケアなど,True,thp,,https://kokoro.mhlw.go.jp/glossaries/word-1510/,PASS
2026-04-Q30,2026-04,30,労働衛生,fracture_splint,骨折部の上下の関節まで固定できる長さの副子を使う,False,,,https://www.exam.or.jp/wp-content/uploads/2026/04/LC20260415.pdf,PASS
2026-04-Q31,2026-04,31,労働衛生,cerebral_embolism,心臓などでできた血栓が流れて脳血管を閉塞する,False,,,https://www.exam.or.jp/wp-content/uploads/2026/04/LC20260415.pdf,PASS
2026-04-Q32,2026-04,32,労働衛生,lifting_posture,荷物に近づき、膝を曲げて脚の力で立ち上がる,False,,,https://www.exam.or.jp/wp-content/uploads/2026/04/LC20260415.pdf,PASS
2026-04-Q33,2026-04,33,労働衛生,co2_ventilation,在室者数,False,,,https://www.mhlw.go.jp/web/t_doc?dataId=74089000&dataType=0&pageNo=1,PASS
2026-04-Q34,2026-04,34,労働衛生,aging_lighting,必要照度を確保しつつ、まぶしさにも配慮する,False,,,https://www.exam.or.jp/wp-content/uploads/2026/04/LC20260415.pdf,PASS
2026-04-Q35,2026-04,35,労働生理,vestibular_inner_ear,内耳,False,,,https://www.exam.or.jp/wp-content/uploads/2026/04/LC20260415.pdf,PASS
2026-04-Q36,2026-04,36,労働生理,bile_emulsification,消化酵素を含まないが脂肪を乳化する,False,,,https://www.exam.or.jp/wp-content/uploads/2026/04/LC20260415.pdf,PASS
2026-04-Q37,2026-04,37,労働生理,nucleus_ganglion,中枢神経系では神経核、末梢神経系では神経節,False,,,https://www.exam.or.jp/wp-content/uploads/2026/04/LC20260415.pdf,PASS
2026-04-Q38,2026-04,38,労働生理,liver_urea,アンモニアから尿素を合成する,False,,,https://www.exam.or.jp/wp-content/uploads/2026/04/LC20260415.pdf,PASS
2026-04-Q39,2026-04,39,労働生理,glomerular_protein,大きな血漿蛋白質,False,,,https://www.exam.or.jp/wp-content/uploads/2026/04/LC20260415.pdf,PASS
2026-04-Q40,2026-04,40,労働生理,hematocrit,約45％,False,,,https://www.exam.or.jp/wp-content/uploads/2026/04/LC20260415.pdf,PASS
2026-04-Q41,2026-04,41,労働生理,lens_accommodation,水晶体,False,,,https://www.exam.or.jp/wp-content/uploads/2026/04/LC20260415.pdf,PASS
2026-04-Q42,2026-04,42,労働生理,sweat_insensible,発汗は汗腺からの汗、不感蒸泄は意識されにくい皮膚・呼気からの水分喪失,False,,,https://www.exam.or.jp/wp-content/uploads/2026/04/LC20260415.pdf,PASS
2026-04-Q43,2026-04,43,労働生理,humoral_immunity,Bリンパ球由来の抗体が抗原に結合する,False,,,https://www.exam.or.jp/wp-content/uploads/2026/04/LC20260415.pdf,PASS
2026-04-Q44,2026-04,44,労働生理,presbycusis,高い周波数の音,False,,,https://www.exam.or.jp/wp-content/uploads/2026/04/LC20260415.pdf,PASS
2025-10-Q01,2025-10,1,関係法令,mfg400_general_manager,必要,True,management_system,2026-08-08,https://anzeninfo.mhlw.go.jp/yougo/yougo35_1.html,PASS
2025-10-Q02,2025-10,2,関係法令,pressure_hopper_supervisor,圧気工法の高圧室内作業と石炭ホッパー内部作業,False,,2026-08-08,https://anzeninfo.mhlw.go.jp/yougo/yougo34_1.html,PASS
2025-10-Q03,2025-10,3,関係法令,ammonia_mask_standard,アンモニア用防毒マスク,True,regulated_ppe,2026-08-08,https://anzeninfo.mhlw.go.jp/yougo/yougo88_1.html,PASS
2025-10-Q04,2025-10,4,関係法令,special_management_closure_records,作業記録・作業環境測定記録・特殊健康診断個人票,False,,2026-08-08,https://www.mhlw.go.jp/web/t_doc?dataId=74097000&dataType=0,PASS
2025-10-Q05,2025-10,5,関係法令,strong_noise_partition,隔壁を設けるなど騒音の伝ぱを防ぐ措置,False,,2026-08-08,https://www.mhlw.go.jp/web/t_doc?dataId=74003000&dataType=0,PASS
2025-10-Q06,2025-10,6,関係法令,specific_dust_sources,屋内で粉状の炭素製品を袋詰めする箇所,False,,2026-08-08,https://www.mhlw.go.jp/web/t_doc?dataId=74003000&dataType=0,PASS
2025-10-Q07,2025-10,7,関係法令,oxygen_pulp_supervisor,第二種酸素欠乏危険作業主任者技能講習修了者から選任,True,oxygen_deficiency,2026-08-08,https://www.mhlw.go.jp/web/t_doc?dataId=74105000&dataType=0&pageNo=1,PASS
2025-10-Q08,2025-10,8,関係法令,xray_measure_pair,エックス線透過写真撮影の管理区域―線量当量率または線量当量,False,,2026-08-08,https://www.mhlw.go.jp/web/t_doc?dataId=74003000&dataType=0,PASS
2025-10-Q09,2025-10,9,関係法令,organic_empty_container_outdoor,密閉するか屋外の一定場所に集積する,False,,2026-08-08,https://www.mhlw.go.jp/web/t_doc?dataId=74090000&dataType=0&pageNo=1,PASS
2025-10-Q10,2025-10,10,関係法令,inert_tank_overtime_exception,ヘリウム等の不活性ガスを入れたことのあるタンク内部の業務,False,,2026-08-08,https://www.mhlw.go.jp/web/t_doc?dataId=74001000&dataType=0,PASS
2025-10-Q11,2025-10,11,労働衛生,carbon_disulfide_vapor,二硫化炭素,False,,,https://www.exam.or.jp/wp-content/uploads/2025/10/LC20252114.pdf,PASS
2025-10-Q12,2025-10,12,労働衛生,manganese_parkinsonism,筋のこわばり・震え・歩行困難など,False,,,https://www.exam.or.jp/wp-content/uploads/2025/10/LC20252114.pdf,PASS
2025-10-Q13,2025-10,13,労働衛生,silicosis_silica,遊離けい酸を含む粉じん,False,,,https://www.exam.or.jp/wp-content/uploads/2025/10/LC20252114.pdf,PASS
2025-10-Q14,2025-10,14,労働衛生,c5dip,"4,000Hz付近",False,,,https://www.exam.or.jp/wp-content/uploads/2025/10/LC20252114.pdf,PASS
2025-10-Q15,2025-10,15,労働衛生,risk_definition,災害・健康障害が起こる可能性と結果の重大性の組合せ,True,risk_assessment,,https://www.mhlw.go.jp/stf/newpage_11389.html,PASS
2025-10-Q16,2025-10,16,労働衛生,organic_liver_kidney,肝機能障害や腎機能障害,False,,,https://www.exam.or.jp/wp-content/uploads/2025/10/LC20252114.pdf,PASS
2025-10-Q17,2025-10,17,労働衛生,special_exam_placement,業務適性の判断と、その後の影響をみる基礎資料を得る,False,,,https://www.exam.or.jp/wp-content/uploads/2025/10/LC20252114.pdf,PASS
2025-10-Q18,2025-10,18,労働衛生,A_second_eval_third_class,B測定に関係なく第三管理区分,False,,,https://www.exam.or.jp/wp-content/uploads/2025/10/LC20252114.pdf,PASS
2025-10-Q19,2025-10,19,労働衛生,gas_mask_canister_colors,アンモニア用は緑色、有機ガス用は黒色,False,,,https://www.exam.or.jp/wp-content/uploads/2025/10/LC20252114.pdf,PASS
2025-10-Q20,2025-10,20,労働衛生,radiation_cataract_delayed,晩発障害,False,,,https://www.exam.or.jp/wp-content/uploads/2025/10/LC20252114.pdf,PASS
2025-10-Q21,2025-10,21,関係法令,hygiene_patrol_weekly,少なくとも毎週1回,False,,2026-08-08,https://www.mhlw.go.jp/web/t_doc?dataId=74003000&dataType=0,PASS
2025-10-Q22,2025-10,22,関係法令,committee_worker_half,半数,False,,2026-08-08,https://anzeninfo.mhlw.go.jp/yougo/yougo44_1.html,PASS
2025-10-Q23,2025-10,23,関係法令,cleaning_general_manager_100,常時100人以上,False,,2026-08-08,https://anzeninfo.mhlw.go.jp/yougo/yougo35_1.html,PASS
2025-10-Q24,2025-10,24,関係法令,stress_report_annual_50,常時50人以上で、1年以内ごとに1回,True,stress,2026-08-08,https://anzeninfo.mhlw.go.jp/yougo/yougo95_1.html,PASS
2025-10-Q25,2025-10,25,関係法令,office_air_volume,10m³以上,False,,2026-08-08,https://www.mhlw.go.jp/web/t_doc?dataId=74089000&dataType=0&pageNo=1,PASS
2025-10-Q26,2025-10,26,関係法令,monitoring_permission,行政官庁の許可,False,,2026-08-08,https://www.mhlw.go.jp/web/t_doc?dataId=74001000&dataType=0,PASS
2025-10-Q27,2025-10,27,関係法令,paid_4days_3half,10日,True,paid_leave,2026-08-08,https://www.mhlw.go.jp/seisakunitsuite/bunya/koyou_roudou/roudouseisaku/chushoukigyou/joken_kankyou_rule.html,PASS
2025-10-Q28,2025-10,28,労働衛生,mental_primary_prevention,ストレス要因の低減やセルフケア教育で不調発生を予防する,False,,,https://www.exam.or.jp/wp-content/uploads/2025/10/LC20252114.pdf,PASS
2025-10-Q29,2025-10,29,労働衛生,thp_not_replacement,THPを実施しても法定健康診断が当然に不要になるわけではない,True,thp,,https://kokoro.mhlw.go.jp/glossaries/word-1510/,PASS
2025-10-Q30,2025-10,30,労働衛生,histamine_heat_stable,一度生成されたヒスタミンは通常の加熱で分解されにくい,True,histamine,,https://www.exam.or.jp/wp-content/uploads/2025/10/LC20252114.pdf,PASS
2025-10-Q31,2025-10,31,労働衛生,exercise_ecg,運動負荷心電図,False,,,https://www.exam.or.jp/wp-content/uploads/2025/10/LC20252114.pdf,PASS
2025-10-Q32,2025-10,32,労働衛生,open_fracture,骨折部が創を通じて外界と交通している,False,,,https://www.exam.or.jp/wp-content/uploads/2025/10/LC20252114.pdf,PASS
2025-10-Q33,2025-10,33,労働衛生,prevalence,ある時点・期間に疾病を有する人の割合,False,,,https://www.exam.or.jp/wp-content/uploads/2025/10/LC20252114.pdf,PASS
2025-10-Q34,2025-10,34,労働衛生,bmi_formula,体重(kg)÷身長(m)²,False,,,https://www.exam.or.jp/wp-content/uploads/2025/10/LC20252114.pdf,PASS
2025-10-Q35,2025-10,35,労働生理,glomerular_filtration,糸球体,False,,,https://www.exam.or.jp/wp-content/uploads/2025/10/LC20252114.pdf,PASS
2025-10-Q36,2025-10,36,労働生理,pulmonary_circulation,右心室→肺動脈→肺→肺静脈→左心房,False,,,https://www.exam.or.jp/wp-content/uploads/2025/10/LC20252114.pdf,PASS
2025-10-Q37,2025-10,37,労働生理,melatonin_pineal,松果体,False,,,https://www.exam.or.jp/wp-content/uploads/2025/10/LC20252114.pdf,PASS
2025-10-Q38,2025-10,38,労働生理,protein_enzymes,ペプシンとトリプシン,False,,,https://www.exam.or.jp/wp-content/uploads/2025/10/LC20252114.pdf,PASS
2025-10-Q39,2025-10,39,労働生理,bile_no_trypsin,アルカリ性だがトリプシンなどの消化酵素は含まない,False,,,https://www.exam.or.jp/wp-content/uploads/2025/10/LC20252114.pdf,PASS
2025-10-Q40,2025-10,40,労働生理,abo_antigen,赤血球表面,False,,,https://www.exam.or.jp/wp-content/uploads/2025/10/LC20252114.pdf,PASS
2025-10-Q41,2025-10,41,労働生理,cortex_gray,神経細胞体が多い灰白質が外側にある,False,,,https://www.exam.or.jp/wp-content/uploads/2025/10/LC20252114.pdf,PASS
2025-10-Q42,2025-10,42,労働生理,aerobic_metabolism,糖質や脂質が主に二酸化炭素と水まで酸化されATP産生に使われる,False,,,https://www.exam.or.jp/wp-content/uploads/2025/10/LC20252114.pdf,PASS
2025-10-Q43,2025-10,43,労働生理,thyroid_metabolism,基礎代謝を高める,False,,,https://www.exam.or.jp/wp-content/uploads/2025/10/LC20252114.pdf,PASS
2025-10-Q44,2025-10,44,労働生理,stress_cortisol,副腎皮質ホルモン（コルチゾールなど）,False,,,https://www.exam.or.jp/wp-content/uploads/2025/10/LC20252114.pdf,PASS
2025-04-Q01,2025-04,1,関係法令,mfg600_hygiene_manager_count,3人,True,management_system,2026-08-08,https://www.mhlw.go.jp/web/t_doc?dataId=74003000&dataType=0,PASS
2025-04-Q02,2025-04,2,関係法令,sulfuric_specific_equipment_2y,1年以内ではなく、原則2年以内ごとに1回,True,specific_equipment,2026-08-08,https://www.mhlw.go.jp/web/t_doc?dataId=74097000&dataType=0,PASS
2025-04-Q03,2025-04,3,関係法令,co_mask_standard,一酸化炭素用防毒マスク,True,regulated_ppe,2026-08-08,https://anzeninfo.mhlw.go.jp/yougo/yougo88_1.html,PASS
2025-04-Q04,2025-04,4,関係法令,asbestos_supervisor_skill,石綿作業主任者技能講習を修了した者,False,,2026-08-08,https://anzeninfo.mhlw.go.jp/yougo/yougo34_1.html,PASS
2025-04-Q05,2025-04,5,関係法令,hot_humid_rest_outside,作業場外に休憩設備を設ける,False,,2026-08-08,https://www.mhlw.go.jp/web/t_doc?dataId=74003000&dataType=0,PASS
2025-04-Q06,2025-04,6,関係法令,special_management_long_records,長期保存し、事業廃止時には法定の対象記録を監督署へ提出する,False,,2026-08-08,https://www.mhlw.go.jp/web/t_doc?dataId=74097000&dataType=0,PASS
2025-04-Q07,2025-04,7,関係法令,label_sds_risk_assessment,危険性・有害性を特定してリスクアセスメントを行う,True,risk_assessment,2026-08-08,https://www.mhlw.go.jp/stf/newpage_11389.html,PASS
2025-04-Q08,2025-04,8,関係法令,oxygen_no_pure_oxygen_ventilation,純酸素を用いて換気する,True,oxygen_deficiency,2026-08-08,https://www.mhlw.go.jp/web/t_doc?dataId=74105000&dataType=0&pageNo=1,PASS
2025-04-Q09,2025-04,9,関係法令,cement_dust_measurement,空気中の粉じん濃度,False,,2026-08-08,https://www.mhlw.go.jp/web/t_doc?dataId=74003000&dataType=0,PASS
2025-04-Q10,2025-04,10,関係法令,vibration_overtime_cap,削岩機などで身体に著しい振動を与える業務,False,,2026-08-08,https://www.mhlw.go.jp/web/t_doc?dataId=74001000&dataType=0,PASS
2025-04-Q11,2025-04,11,労働衛生,management_concentration_role,作業環境の管理区分を判断するための指標で、個人ばく露限界そのものではない,True,risk_assessment,,https://www.exam.or.jp/wp-content/uploads/2025/04/LC20251114.pdf,PASS
2025-04-Q12,2025-04,12,労働衛生,so2_gas,二酸化硫黄,False,,,https://www.exam.or.jp/wp-content/uploads/2025/04/LC20251114.pdf,PASS
2025-04-Q13,2025-04,13,労働衛生,methanol_optic,視神経障害・視力障害,False,,,https://www.exam.or.jp/wp-content/uploads/2025/04/LC20251114.pdf,PASS
2025-04-Q14,2025-04,14,労働衛生,stochastic_vs_tissue,線量が増えると主に発生確率が増えると考える,False,,,https://www.exam.or.jp/wp-content/uploads/2025/04/LC20251114.pdf,PASS
2025-04-Q15,2025-04,15,労働衛生,cadmium_kidney,腎障害,False,,,https://www.exam.or.jp/wp-content/uploads/2025/04/LC20251114.pdf,PASS
2025-04-Q16,2025-04,16,労働衛生,heat_cramp_salt,ナトリウムなど電解質の不足,False,,,https://www.exam.or.jp/wp-content/uploads/2025/04/LC20251114.pdf,PASS
2025-04-Q17,2025-04,17,労働衛生,cyanide_cellular_respiration,細胞内の酸素利用を妨げる,False,,,https://www.exam.or.jp/wp-content/uploads/2025/04/LC20251114.pdf,PASS
2025-04-Q18,2025-04,18,労働衛生,B_measurement_peak,有害物質の高濃度ばく露が予想される場所・時間の濃度を把握する,False,,,https://www.exam.or.jp/wp-content/uploads/2025/04/LC20251114.pdf,PASS
2025-04-Q19,2025-04,19,労働衛生,direct_vs_isolated_gasmask,一般に隔離式の方が直結式より高濃度側の使用範囲をもつ,True,oxygen_deficiency,,https://anzeninfo.mhlw.go.jp/yougo/yougo88_1.html,PASS
2025-04-Q20,2025-04,20,労働衛生,biological_monitoring_internal,体内に取り込まれた有害物質・代謝物等から内部ばく露を把握する,False,,,https://www.exam.or.jp/wp-content/uploads/2025/04/LC20251114.pdf,PASS
2025-04-Q21,2025-04,21,関係法令,security300_no_general_manager,この人数だけでは選任義務は生じない,False,,2026-08-08,https://anzeninfo.mhlw.go.jp/yougo/yougo35_1.html,PASS
2025-04-Q22,2025-04,22,関係法令,hygiene_manager_not_command_promoter,衛生推進者を指揮すること,False,,2026-08-08,https://www.mhlw.go.jp/web/t_doc?dataId=74003000&dataType=0,PASS
2025-04-Q23,2025-04,23,関係法令,committee_chair_can_general_manager,総括安全衛生管理者である委員が議長となることができる,False,,2026-08-08,https://anzeninfo.mhlw.go.jp/yougo/yougo44_1.html,PASS
2025-04-Q24,2025-04,24,関係法令,stress_result_consent,結果通知後に本人の同意が必要,True,stress,2026-08-08,https://anzeninfo.mhlw.go.jp/yougo/yougo95_1.html,PASS
2025-04-Q25,2025-04,25,関係法令,kitchen_no_dirty_shoes,土足のまま立ち入らせず、汚染を持ち込まない,False,,2026-08-08,https://www.mhlw.go.jp/web/t_doc?dataId=74003000&dataType=0,PASS
2025-04-Q26,2025-04,26,関係法令,maternity_light_work,他の軽易な業務へ転換する,False,,2026-08-08,https://www.bosei-navi.mhlw.go.jp/gimu/taiou.html,PASS
2025-04-Q27,2025-04,27,関係法令,paid_30h_4days_3half,14日,True,paid_leave,2026-08-08,https://www.mhlw.go.jp/seisakunitsuite/bunya/koyou_roudou/roudouseisaku/chushoukigyou/joken_kankyou_rule.html,PASS
2025-04-Q28,2025-04,28,労働衛生,display_distance,おおむね40cm以上を確保し、画面上端を眼の高さと同程度かやや下にする,False,,,https://www.exam.or.jp/wp-content/uploads/2025/04/LC20251114.pdf,PASS
2025-04-Q29,2025-04,29,労働衛生,incidence,罹患率（発生率）,False,,,https://www.exam.or.jp/wp-content/uploads/2025/04/LC20251114.pdf,PASS
2025-04-Q30,2025-04,30,労働衛生,thp_health_data_use,目的に応じて活用できる,True,thp,,https://kokoro.mhlw.go.jp/glossaries/word-1510/,PASS
2025-04-Q31,2025-04,31,労働衛生,thrombosis_embolism,血栓症はその場で血栓形成、塞栓症は他部位から流れた塞栓子が閉塞する,False,,,https://www.exam.or.jp/wp-content/uploads/2025/04/LC20251114.pdf,PASS
2025-04-Q32,2025-04,32,労働衛生,secondhand_smoke_category2,第二種施設として原則屋内禁煙,False,,,https://www.mhlw.go.jp/web/t_doc?dataId=00tc3934&dataType=1&pageNo=1,PASS
2025-04-Q33,2025-04,33,労働衛生,bmi_175_80,26.1,False,,,https://www.exam.or.jp/wp-content/uploads/2025/04/LC20251114.pdf,PASS
2025-04-Q34,2025-04,34,労働衛生,histamine_prevention,魚などを低温管理し、ヒスタミンを生成させない,True,histamine,,https://www.exam.or.jp/wp-content/uploads/2025/04/LC20251114.pdf,PASS
2025-04-Q35,2025-04,35,労働生理,abo_red_cell,A型の血清には抗B抗体があり、分類の主な抗原は赤血球表面にある,False,,,https://www.exam.or.jp/wp-content/uploads/2025/04/LC20251114.pdf,PASS
2025-04-Q36,2025-04,36,労働生理,heart_intrinsic_pacemaker,洞房結節,False,,,https://www.exam.or.jp/wp-content/uploads/2025/04/LC20251114.pdf,PASS
2025-04-Q37,2025-04,37,労働生理,resting_tidal_volume,約500mL,False,,,https://www.exam.or.jp/wp-content/uploads/2025/04/LC20251114.pdf,PASS
2025-04-Q38,2025-04,38,労働生理,pepsin_stomach,胃,False,,,https://www.exam.or.jp/wp-content/uploads/2025/04/LC20251114.pdf,PASS
2025-04-Q39,2025-04,39,労働生理,thermoregulation_cold,皮膚血管の収縮,False,,,https://www.exam.or.jp/wp-content/uploads/2025/04/LC20251114.pdf,PASS
2025-04-Q40,2025-04,40,労働生理,bun_high,尿素窒素（BUN）,False,,,https://www.exam.or.jp/wp-content/uploads/2025/04/LC20251114.pdf,PASS
2025-04-Q41,2025-04,41,労働生理,muscle_atp,ATPの加水分解,False,,,https://www.exam.or.jp/wp-content/uploads/2025/04/LC20251114.pdf,PASS
2025-04-Q42,2025-04,42,労働生理,presbyopia,水晶体の調節力が低下し近点が遠くなる,False,,,https://www.exam.or.jp/wp-content/uploads/2025/04/LC20251114.pdf,PASS
2025-04-Q43,2025-04,43,労働生理,stress_response,副腎皮質ホルモン分泌が増加することがある,True,stress,,https://www.exam.or.jp/wp-content/uploads/2025/04/LC20251114.pdf,PASS
2025-04-Q44,2025-04,44,労働生理,melatonin_source,松果体,False,,,https://www.exam.or.jp/wp-content/uploads/2025/04/LC20251114.pdf,PASS
