id	sourceExam	questionNo	subject	domain	question	choices_json	answer_type	answer_json	accepted_answers_json	scoring_status	requires_media	choiceParseStatus	correctionStatus_json	caseGroupId	source_url	answer_source_url	effective_date	rights_basis
P109-006	109	6	必須	物理・化学・生物	同圧下で沸点が最も高いのはどれか。1つ選べ。 1 2 3 CH3CH2CH2CH3 CH3CH2CH2CH2CH3 （CH3）2CHCH3 4 5 （CH3） 2CHCH2CH3 （CH3）4C	[]	singleChoice	1	null	normal	true	no_choice_sequence	"[""none""]"		https://www.mhlw.go.jp/content/001226759.pdf	https://www.mhlw.go.jp/content/001228441.pdf	2024-02-18	MHLW website content under Public Data License 1.0 unless separately indicated; third-party content requires separate review
P109-008	109	8	必須	物理・化学・生物	転位反応はどれか。1つ選べ。 ただし、すべての反応は終了後、適切な後処理を施していることとする。また、 生成物は主生成物のみを示している。 O OH C6H5MgBr OH H2SO4 O NH2OH N OH H N H2SO4 N O OH O NaBH4 OH	[]	singleChoice	3	null	normal	true	no_choice_sequence	"[""none""]"		https://www.mhlw.go.jp/content/001226759.pdf	https://www.mhlw.go.jp/content/001228441.pdf	2024-02-18	MHLW website content under Public Data License 1.0 unless separately indicated; third-party content requires separate review
P109-019	109	19	必須	衛生	下図は、食事摂取基準における摂取量とリスクの概念図である。図中のＡで示 されるのはどれか。1つ選べ。 過剰摂取によって健康障害が生じるリスク ₁.₀ 不足のリスク ₀.₅ ₀ . ₀₂₅ ₀ Ａ 習慣的な摂取量	"[""耐用上限量"",""推奨量"",""目安量"",""推定平均必要量"",""目標量""]"	singleChoice	1	null	normal	true	parsed	"[""none""]"		https://www.mhlw.go.jp/content/001226759.pdf	https://www.mhlw.go.jp/content/001228441.pdf	2024-02-18	MHLW website content under Public Data License 1.0 unless separately indicated; third-party content requires separate review
P109-021	109	21	必須	衛生	シモン反応によって確認できる薬物はどれか。1つ選べ。 1 2 3 H NH2 HO N CH3 CH3 CH3 O N CH3 H HO 4 5 H3C O CH3 CH3 N H O OH H H O H O H3C O CH3 CH3	[]	singleChoice	0	null	normal	true	no_choice_sequence	"[""none""]"		https://www.mhlw.go.jp/content/001226759.pdf	https://www.mhlw.go.jp/content/001228441.pdf	2024-02-18	MHLW website content under Public Data License 1.0 unless separately indicated; third-party content requires separate review
P109-025	109	25	必須	衛生	下図は、環境基本法で規定されている ₇ 種類の公害（典型七公害）の種類別公 害苦情件数の推移を示したものである。アに該当するのはどれか。1つ選べ。 ₃₀ ,₀₀₀ ₂₅ ,₀₀₀ ア ₂₀ ,₀₀₀ 苦情件数（件） ₁₅ ,₀₀₀ ₁₀ ,₀₀₀ ₅ ,₀₀₀ 土壌汚染 地盤沈下 ₀ ₅₃ ₅₄ ₅₅ ₅₆ ₅₇ ₅₈ ₅₉ ₆₀ ₆₁ ₆₂ ₆₃ 元 ₂ ₃ ₄ ₅ ₆ ₇ ₈ ₉ ₁₀ ₁₁ ₁₂ ₁₃ ₁₄ ₁₅ ₁₆ ₁₇ ₁₈ ₁₉ ₂₀ ₂₁ ₂₂ ₂₃ ₂₄ ₂₅ ₂₆ ₂₇ ₂₈ ₂₉ ₃₀ 元 ₂ ₃ 昭和 平成 令和 （年度） 図 典型七公害の種類別公害苦情件数 令和三年度 公害苦情調査結果報告書（総務省、公害等調査委員会事務局）	"[""悪臭"",""振動"",""水質汚濁"",""騒音"",""大気汚染 必須問題 【薬理】""]"	singleChoice	3	null	normal	true	parsed	"[""none""]"		https://www.mhlw.go.jp/content/001226759.pdf	https://www.mhlw.go.jp/content/001228441.pdf	2024-02-18	MHLW website content under Public Data License 1.0 unless separately indicated; third-party content requires separate review
P109-039	109	39	必須	薬理	DNA ジャイレース及びトポイソメラーゼⅣを阻害することで、細菌の DNA 複 製を抑制する抗菌薬はどれか。1つ選べ。 1 2 OH O OH O O HN OH N N NH2 OH F CO2H H H HO CH3 H N CH3 O H3C HO H O H H NH2 H HO H2N H HO H O H H O OH H HO H HO O H H OH H H H NH2 NH2 4 5 H CH3 O CO2H H H3C N H2N H N CH3 H CH3 H CH3 HO CH3 N H S CH3 H3C OH H H HO O CH3 OO HO H H O CH3 H H CH3 N H CH3 H H H O H OH HO O O H CH3 CH3 O CH3 H H CH3	[]	singleChoice	0	null	normal	true	no_choice_sequence	"[""none""]"		https://www.mhlw.go.jp/content/001226759.pdf	https://www.mhlw.go.jp/content/001228441.pdf	2024-02-18	MHLW website content under Public Data License 1.0 unless separately indicated; third-party content requires separate review
P109-041	109	41	必須	薬剤	下図に示す Fick の法則に従う細胞膜透過において、薬物の透過速度と反比例す るのはどれか。1つ選べ。 細胞外 細胞膜 細胞内 C1 C out C out：細胞外溶液の薬物濃度 C 1 ：細胞外溶液と接する面の膜中薬物濃度 薬物の濃度 C2 C 2 ：細胞内溶液と接する面の膜中薬物濃度 C in C in ：細胞内溶液の薬物濃度 膜の厚さ L	"[""膜の有効表面積"",""薬物の膜中の拡散係数"",""膜の厚さ（L）"",""薬物の膜への分配係数（C 1/C out）"",""細胞外及び細胞内溶液と接する面の膜中薬物濃度の差（C 1 - C 2）""]"	singleChoice	2	null	normal	true	parsed	"[""none""]"		https://www.mhlw.go.jp/content/001226759.pdf	https://www.mhlw.go.jp/content/001228441.pdf	2024-02-18	MHLW website content under Public Data License 1.0 unless separately indicated; third-party content requires separate review
P109-042	109	42	必須	薬剤	小腸上皮細胞を模式的に示した下図中の 1 ～ 6 のうち、P︲糖タンパク質の局在 と基質の輸送方向を正しく表しているのはどれか。1つ選べ。ただし、図中の矢印 の向きは基質の輸送方向を示す。 管腔側 1 2 3 4 5 6 血管側	[]	singleChoice	0	null	normal	true	no_choice_sequence	"[""none""]"		https://www.mhlw.go.jp/content/001226759.pdf	https://www.mhlw.go.jp/content/001228441.pdf	2024-02-18	MHLW website content under Public Data License 1.0 unless separately indicated; third-party content requires separate review
P109-050	109	50	必須	薬剤	複合体を形成することによって、以下の疎水性薬物を安定化するのに用いられ る化合物はどれか。1つ選べ。 一般名：アルプロスタジル 構造式： O H CO2H CH3 HO H H H OH	"[""アスコルビン酸"",""a︲シクロデキストリン"",""カルメロースナトリウム"",""エデト酸ナトリウム水和物"",""パラオキシ安息香酸ブチル""]"	singleChoice	1	null	normal	true	parsed	"[""none""]"		https://www.mhlw.go.jp/content/001226759.pdf	https://www.mhlw.go.jp/content/001228441.pdf	2024-02-18	MHLW website content under Public Data License 1.0 unless separately indicated; third-party content requires separate review
P109-052	109	52	必須	薬剤	日本薬局方の製剤に関する一般試験法のうち、下図の装置を用いるのはどれ か。1つ選べ。 ダイヤルゲージ 円錐 試料台	"[""崩壊試験法"",""眼軟膏剤の金属性異物試験法"",""半固形製剤の流動学的測定法"",""粘着力試験法"",""吸入剤の空気力学的粒度測定法""]"	singleChoice	2	null	normal	true	parsed	"[""none""]"		https://www.mhlw.go.jp/content/001226759.pdf	https://www.mhlw.go.jp/content/001228441.pdf	2024-02-18	MHLW website content under Public Data License 1.0 unless separately indicated; third-party content requires separate review
P109-055	109	55	必須	薬剤	下の模式図で表される経口徐放性製剤の放出制御膜として、適切なのはどれか。 1つ選べ。 薬物放出口 薬物層 放出制御膜 プッシュ層	"[""糖衣"",""半透膜"",""腸溶性皮膜"",""生分解性皮膜"",""イオン交換樹脂膜 必須問題 【病態・薬物治療】""]"	singleChoice	1	null	normal	true	parsed	"[""none""]"		https://www.mhlw.go.jp/content/001226759.pdf	https://www.mhlw.go.jp/content/001228441.pdf	2024-02-18	MHLW website content under Public Data License 1.0 unless separately indicated; third-party content requires separate review
P109-069	109	69	必須	病態・薬物治療	下図の 1 ～ 5 は、既存薬Ｘを対照とした新薬Ｙの非劣性を検討した ₅ つの臨床 試験の結果について、両群の差の ₉₅％信頼区間を示したものである。あらかじめ 設定された非劣性マージンが -D のとき、両側 ₅ ％水準で非劣性が結論づけられ るのはどれか。1つ選べ。 -D ₀ 既存薬Ｘが優る 新薬Ｙが優る	[]	singleChoice	3	null	normal	true	no_choice_sequence	"[""none""]"		https://www.mhlw.go.jp/content/001226759.pdf	https://www.mhlw.go.jp/content/001228441.pdf	2024-02-18	MHLW website content under Public Data License 1.0 unless separately indicated; third-party content requires separate review
P109-093	109	93	理論	物理	次の記述は、日本薬局方メフェナム酸の純度試験中の類縁物質に関するもので ある。 本品 ₀ . ₁₀ g をクロロホルム／メタノール混液（ ₃：₁ ） ₅ mL に溶かし、試料溶 液とする。この液 ₁ mL を正確に量り、クロロホルム／メタノール混液（ ₃：₁ ） を加えて正確に ₂₀₀ mL とする。この液 ₁₀ mL を正確に量り、クロロホルム／メタ ノール混液（ ₃：₁ ）を加えて正確に ₅₀ mL とし、標準溶液とする。これらの液に つき、薄層クロマトグラフィー（薄層板に蛍光剤を含む）により試験を行う。試料 溶液及び標準溶液 ₂₅ nL ずつを薄層板にスポットし、展開後風乾した薄層板に紫外 線（主波長 ₂₅₄ nm）を照射するとき、試料溶液から得た主スポット以外のスポッ トは、標準溶液から得たスポットより濃くない。 類縁物質の混入が許容される限度値はどれか。1つ選べ。	"[""₀ . ₁％"",""₀ . ₂％"",""₁ . ₀％"",""₂ . ₀％"",""₂ . ₅％""]"	singleChoice	0	null	normal	true	parsed	"[""none""]"		https://www.mhlw.go.jp/content/001226760.pdf	https://www.mhlw.go.jp/content/001228441.pdf	2024-02-18	MHLW website content under Public Data License 1.0 unless separately indicated; third-party content requires separate review
P109-095	109	95	理論	物理	図はある蛍光物質の励起スペクトルと蛍光スペクトルである。 励起スペクトル 蛍光スペクトル 相対蛍光強度 （励起波長 m1） （蛍光波長 m2） m1 m2 波長 この励起スペクトルの極大波長（励起波長）が m1、蛍光スペクトルの極大波長 （蛍光波長）が m2 であるとすると、この蛍光物質の励起波長の光のエネルギーと 蛍光波長の光のエネルギーとの間のエネルギー差を求める式はどれか。1つ選べ。 ただし、プランク定数は h、光速度は c とする。 hc（m2 - m1） m1 m2 h（m2 - m1） cm1 m2 c m2 - m1） （ hm1 m2 m1 m2 hc（m2 - m1） cm1 m2 h（m2 - m1）	[]	singleChoice	0	null	normal	true	no_choice_sequence	"[""none""]"		https://www.mhlw.go.jp/content/001226760.pdf	https://www.mhlw.go.jp/content/001228441.pdf	2024-02-18	MHLW website content under Public Data License 1.0 unless separately indicated; third-party content requires separate review
P109-100	109	100	理論	物理	ガスクロマトグラフィーに関する記述のうち、正しいのはどれか。2つ選べ。	"[""電子捕獲検出器は、主に C︲H 結合を有する有機化合物の検出に用いられる。"",""定量には内標準法が用いられるが、絶対検量線法は用いられない。"",""難揮発性物質の誘導体化の ₁ つにトリメチルシリル化がある。"",""カラム恒温槽の温度をある温度から一定速度で上昇させると、上昇させない場 合と比較して分離時間が長くなる。"",""電子イオン化及び化学イオン化はガスクロマトグラフィー／質量分析法のイオ ン化法に用いられる。""]"	multiChoice	[2,4]	null	normal	true	parsed	"[""none""]"		https://www.mhlw.go.jp/content/001226760.pdf	https://www.mhlw.go.jp/content/001228441.pdf	2024-02-18	MHLW website content under Public Data License 1.0 unless separately indicated; third-party content requires separate review
P109-101	109	101	理論	化学	以下のアンモニウムイオンのうち、pKa 値が最小なのはどれか。1つ選べ。 H H H H H H H H H H H H H H H N＋ N＋ N＋ N＋ N＋ Cl OCH3 CH3 NO2 1 2 3 4 5	[]	singleChoice	4	null	normal	true	no_choice_sequence	"[""none""]"		https://www.mhlw.go.jp/content/001226760.pdf	https://www.mhlw.go.jp/content/001228441.pdf	2024-02-18	MHLW website content under Public Data License 1.0 unless separately indicated; third-party content requires separate review
P109-103	109	103	理論	化学	電子移動を示す矢印で記した機構が主となって、実際に進行し、生成物が得ら れる反応はどれか。1つ選べ。 Br H H- H3C H Br H Br H 1 ＋ H3C H3C H H3C H H3C H H3C H H H Cl Cl Cl - C ＋ Cl Cl Cl H H CH3 3 CH3 H B H B H H H H - Br Br 4 Br ＋ Br Br Br Cl O Cl O OH O O 5 H3C H H3C H H CH3 O O H Cl H CH3 H3C H H CH3 O OH	[]	singleChoice	3	null	normal	true	no_choice_sequence	"[""none""]"		https://www.mhlw.go.jp/content/001226760.pdf	https://www.mhlw.go.jp/content/001228441.pdf	2024-02-18	MHLW website content under Public Data License 1.0 unless separately indicated; third-party content requires separate review
P109-104	109	104	理論	化学	ビタミン B 1 欠乏症の予防及び治療に用いられるフルスルチアミンは、ビタミ ン B 1（チアミン）の消化管吸収効率を改善したプロドラッグであり、体内でジス ルフィド結合が還元された後、閉環してビタミン B 1 となる。ビタミン B 1 の構造 として、正しいのはどれか。1つ選べ。 H H3C N NH2 O H N S 還元 ビタミン B1 S + HS O OHC N OH （体内） （チアミン） 及び鏡像異性体 CH3 及び鏡像異性体 フルスルチアミン H3C N NH2 H3C N NH2 H3C N NH2 N N N ＋ ＋ N CH3 N CH3 N CH3 O HS HO S OH O OH S OH 1 2 3 H3C N NH2 H3C N NH2 N N ＋ ＋ N CH3 N CH3 O OH S OH 4 5	[]	singleChoice	4	null	normal	true	no_choice_sequence	"[""none""]"		https://www.mhlw.go.jp/content/001226760.pdf	https://www.mhlw.go.jp/content/001228441.pdf	2024-02-18	MHLW website content under Public Data License 1.0 unless separately indicated; third-party content requires separate review
P109-106	109	106	理論	化学	下図に示したように、乳酸脱水素酵素（乳酸デヒドロゲナーゼ）はピルビン酸 から L︲乳酸への変換を触媒する。この酵素の活性中心に関する記述のうち、正し いのはどれか。2つ選べ。 O H OH NADH，H＋ OH OH H3C H3C 乳酸脱水素酵素 O O ピルビン酸 L︲乳酸 HN H アミノ酸残基 168 番 O O - O Arg 109 H NH N H ＋ His 195 H2N ＋ N N H H O O H3C H H - N O H H ＋ H H2NOC N N Arg 171 H H NADH N R 乳酸脱水素酵素の活性中心（模式図）	"[""₁₀₉ 番の Arg はピルビン酸のカルボニル炭素の求電子性を高めている。"",""₁₆₈ 番のアミノ酸残基はアスパラギンである。"",""₁₇₁ 番の Arg とピルビン酸との主たる相互作用は、分散力によるものである。"",""₁₉₅ 番の His はピルビン酸に対してブレンステッド酸としてはたらく。"",""NADH はピルビン酸に対してプロトン供与体としてはたらく。""]"	multiChoice	[0,3]	null	normal	true	parsed	"[""none""]"		https://www.mhlw.go.jp/content/001226760.pdf	https://www.mhlw.go.jp/content/001228441.pdf	2024-02-18	MHLW website content under Public Data License 1.0 unless separately indicated; third-party content requires separate review
P109-107	109	107	理論	化学	下図は、ある化合物の H︲NMR スペクトル〔₄₀₀ MHz、CDCl3、基準物質はテ トラメチルシラン（TMS）〕を示したものである。この化合物の構造式として正し いのはどれか。1つ選べ。なお、×印のシグナルは CDCl3 溶媒中に含まれる CHCl3 のプロトンに由来するシグナルであり、エのピークは重水（D2O）を添加するとほ ぼ消失した。 アの拡大図 キの拡大図 カの拡大図 オの拡大図 ウ、イの拡大図 ア ₆H ₇.₉ ₇.₈ ₆.₇ ₆.₆ ₄.₄ ₄.₃ ₂.₉ ₂.₈ ₂.₇ ₂.₆ TMS × イ ₁.₁ ₁.₀ ₄H オ ウ カ ₂H ₂H H2O キ ₂H ₂H エ ₂H ppm ₈.₀ ₇.₀ ₆.₀ ₅.₀ ₄.₀ ₃.₀ ₂.₀ ₁.₀ ₀ O O CH3 O O CH3 O CH3 N CH3 O O H3C N H2N NH2 NH2 1 2 3 CH3 CH3 O O N CH3 N CH3 O O HO H2N 4 5	[]	singleChoice	4	null	normal	true	no_choice_sequence	"[""none""]"		https://www.mhlw.go.jp/content/001226760.pdf	https://www.mhlw.go.jp/content/001228441.pdf	2024-02-18	MHLW website content under Public Data License 1.0 unless separately indicated; third-party content requires separate review
P109-110	109	110	理論	化学	−111 解糖系では、下の図 ₁ のように、D︲グルコースが D︲フルクトース ₁ , ₆︲ビ スリン酸へと変換されたのちに、 ₂ 分子のピルビン酸へと分解される。 図₁ CHO CH2OPO32- H OH O O HO H HO H #₂ H OH H OH H3C CO2H H OH H OH ピルビン酸 CH2OH CH2OPO32- D︲グルコース D︲フルクトース ₁ , ₆︲ビスリン酸 また、図 ₂ のように、D︲フルクトース ₁ , ₆︲ビスリン酸は、アルドラーゼによっ て、代謝物ＡとＢへ変換される。この反応はアルドール反応の逆反応である。 図₂ CH2OPO32- O HO H アルドラーゼ H OH 代謝物Ａ + OPO32- H OH （逆アルドール反応） OHC H OH 代謝物Ｂ CH2OPO32- D︲フルクトース ₁ , ₆︲ビスリン酸 さらに、図 ₃ のように、代謝物ＡとＢは細胞質中で酵素的に相互変換可能であ り、代謝物Ｂはさらに代謝物Ｃを経て、ピルビン酸まで変換される。 図₃ NAD+ NADH + リン酸 + H+ H OH H OH 代謝物Ａ OPO32- 2- O3PO OPO32- OHC 代謝物Ｂ O 代謝物Ｃ O H3C CO2H ピルビン酸 問 110 代謝物Ａの構造として正しいのはどれか。1つ選べ。 1 2 3 H OH O H OH OPO32- HO OPO32- HO OPO32- OHC O 4 5 H OH O OPO3 OPO32- OHC OHC	[]	singleChoice	1	null	normal	true	no_choice_sequence	"[""none""]"		https://www.mhlw.go.jp/content/001226760.pdf	https://www.mhlw.go.jp/content/001228441.pdf	2024-02-18	MHLW website content under Public Data License 1.0 unless separately indicated; third-party content requires separate review
P109-112	109	112	理論	生物	下図はヒトの眼球断面の模式図である。図のａ～ｅに関する記述のうち、正し いのはどれか。2つ選べ。 ｄ ｂ ａ ｃ ｅ	"[""ａにある筋肉の収縮・弛緩により、焦点を調節する。"",""ｂは、眼房水を産生し、眼圧の維持に関与する。"",""ｃは、血管のない透明な組織であり、光が透過する。"",""ｄには、桿体細胞と錐体細胞の ₂ 種類の視細胞が存在する。"",""ｅは、黄斑の中心窩である。""]"	multiChoice	[1,2]	null	normal	true	parsed	"[""none""]"		https://www.mhlw.go.jp/content/001226760.pdf	https://www.mhlw.go.jp/content/001228441.pdf	2024-02-18	MHLW website content under Public Data License 1.0 unless separately indicated; third-party content requires separate review
P109-124	109	124	理論	衛生	下図の曲線ア～エは、₁₅ 歳未満、₁₅～₆₄ 歳、₆₅ 歳以上、₇₅ 歳以上のいずれか の年齢区分別人口の割合の推移を、右の数値は ₂₀₂₂ 年における各年齢区分別人口 の割合を示している。年齢区分別人口に関する記述のうち、正しいのはどれか。2 つ選べ。 ₈₀ ア 年齢区分別人口の割合（％） ₇₀ ₆₀ ₅₉ . ₄％ ₅₀ ₄₀ ₃₀ ₂₉ . ₀％ イ ウ ₂₀ ₁₅ . ₅％ ₁₀ ₁₁ . ₆％ エ ₀ ₁₉₅₀ ₅₅ ₆₀ ₆₅ ₇₀ ₇₅ ₈₀ ₈₅ ₉₀ ₉₅ ₂₀₀₀ ₀₅ ₁₀ ₁₅ ₂₀ ₂₂ 年 図 年齢区分別人口の割合の推移（₁₉₅₀ 年～₂₀₂₂ 年） 総務省統計局 人口推計（₂₀₂₂ 年（令和 ₄ 年）₁₀ 月 ₁ 日現在）より作成	"[""アは生産年齢人口の割合を示している。"",""イは ₆₅ 歳以上の老年人口の割合を示している。"",""アとウの和は、従属人口の割合である。"",""イをエで割った値に ₁₀₀ を乗じた値は、老年人口指数である。"",""₂₀₂₂ 年における年少人口指数は、およそ ₁₉ . ₅ である。""]"	multiChoice	[0,4]	null	normal	true	parsed	"[""none""]"		https://www.mhlw.go.jp/content/001226760.pdf	https://www.mhlw.go.jp/content/001228441.pdf	2024-02-18	MHLW website content under Public Data License 1.0 unless separately indicated; third-party content requires separate review
P109-130	109	130	理論	衛生	甘味料のうち、フェニルケトン尿症患者に対する注意喚起の表示が義務づけら れているのはどれか。1つ選べ。 1 2 H3C O O S O NK O H3C O H O H N O HO N CH3 H H O COOH 3 4 O H O H H H3C N O H2N O N CH3 N CH3 H3C CH3 H HOOC H H O H O COOH H3C COOH CH3 O CH3 CH3 H COONa H CH3 H O O OH H H H H3C CH3 OH H H O COONa H O OH H OH H H OH	[]	singleChoice	3	null	normal	true	no_choice_sequence	"[""none""]"		https://www.mhlw.go.jp/content/001226760.pdf	https://www.mhlw.go.jp/content/001228441.pdf	2024-02-18	MHLW website content under Public Data License 1.0 unless separately indicated; third-party content requires separate review
P109-135	109	135	理論	衛生	下図は、化管法＊ の PRTR 制度における ₂₀₂₁ 年（令和 ₃ 年）度届出排出量・ 移動量の上位 ₁₀ 物質を示したものである。 化合物Ａ 届出排出量 化合物Ｂ 届出移動量 化合物Ｃ クロム及び三価クロム化合物 エチルベンゼン 塩化メチレン ノルマル︲ヘキサン N,N ︲ジメチルホルムアミド ふっ化水素及びその水溶性塩 塩化第二鉄 ₀ ₅ # ₁₀ ₁ # ₁₀ 7 8 届出排出量・移動量［kg/ 年］ ＊ 化管法：特定化学物質の環境への排出量の把握等及び管理の改善の促進に関する法律 令和 ₃ 年度 PRTR データの概要︲化学物質の排出量・移動量の集計結果︲ （令和 ₅ 年 ₃ 月）を基に作成 化合物Ａ～Ｃは以下のア～オのような特徴をもつ化合物である。化合物Ａ～Ｃの 組合せとして正しいのはどれか。1つ選べ。 ア 化合物Ａ及びＣの届出排出量のほぼ全量が大気への排出、化合物Ｂの届出移動 量のほぼ全量が事業所外への廃棄物としての移動である。 イ ヒトの体内で化合物Ａ及びＣは酸化的な代謝を受け、それぞれの代謝物がグリ シン抱合されて尿中に排泄される。 ウ 化合物Ａ及びＣには、室内濃度指針値が定められている。 エ 化合物Ｂへの曝露により、パーキンソン病様の症状が現れることがある。 オ 化合物Ｃは、 ₃ 種類の異性体の混合物である。 化合物Ａ 化合物Ｂ 化合物Ｃ	"[""キシレン 亜鉛の水溶性化合物 ベンゼン"",""キシレン マンガン及びその化合物 トルエン"",""ベンゼン マンガン及びその化合物 キシレン"",""ベンゼン 亜鉛の水溶性化合物 トルエン"",""トルエン 亜鉛の水溶性化合物 キシレン"",""トルエン マンガン及びその化合物 キシレン""]"	singleChoice	5	null	normal	true	parsed	"[""none""]"		https://www.mhlw.go.jp/content/001226760.pdf	https://www.mhlw.go.jp/content/001228441.pdf	2024-02-18	MHLW website content under Public Data License 1.0 unless separately indicated; third-party content requires separate review
P109-140	109	140	理論	衛生	暑さ指数（WBGT）は、熱中症を予防することを目的として提案された指標で あり、下図に示した装置Ａ～Ｃで測定した結果（［温度 ₁ ］～［温度 ₃ ］のいずれ か）を用いて、次式より算出することができる。 屋外の場合の算出式：WBGT = ₀ . ₇ #［温度 ₁ ］+ ₀ . ₂ #［温度 ₂ ］+ ₀ . ₁ #［温度 ₃ ］ 屋内の場合の算出式：WBGT = ₀ . ₇ #［温度 ₁ ］+ ₀ . ₃ #［温度 ₂ ］ ［温度 ₁ ］～［温度 ₃ ］は、装置Ａ～Ｃのいずれかで測定した温度である。 装置Ａ 装置Ｂ 装置Ｃ 水で湿らせたガーゼ 黒色に塗装した 水を入れた容器 薄い銅板の球 （中は空洞） ある小学校の屋外の運動場で温度を測定した結果、表 ₁ に示す測定値が得られ た。この時の暑さ指数（WBGT）に最も近い値はどれか。1つ選べ。 表₁ 測定結果 装 置 温 度（℃） Ａ ₄₂ . ₀ Ｂ ₃₂ . ₀ Ｃ ₂₆ . ₀	"[""₂₉"",""₃₀"",""₃₂"",""₃₃"",""₃₈""]"	singleChoice	1	null	normal	true	parsed	"[""none""]"		https://www.mhlw.go.jp/content/001226760.pdf	https://www.mhlw.go.jp/content/001228441.pdf	2024-02-18	MHLW website content under Public Data License 1.0 unless separately indicated; third-party content requires separate review
P109-151	109	151	理論	薬理	グラフは、回腸平滑筋の収縮に対する薬物Ａ～Ｃの濃度︲反応曲線を示す。各 薬物に関する記述のうち、正しいのはどれか。2つ選べ。ただし、薬物Ａ～Ｃは同 一受容体結合部位にのみ作用し、余剰受容体及び内因性アゴニストの存在は考えな いものとする。 ₁₀₀ 反応率︵％︶ 薬物Ａ 薬物Ｂ 薬物Ｃ ₅₀ ₀ ₁₀ ₁₀ ₁₀ ₁₀ ₁₀ ₁₀ -8 -7 -6 -5 -4 -3 濃度（mol/L）	"[""薬物Ａ及び薬物Ｂの内活性は、ともに ₁₀₀ である。"",""薬物Ａの pD2 値は、約 ₇ である。"",""薬物Ｂの効力は、薬物Ａの効力より高い。"",""₁₀ mol/L の薬物Ｂにより生じる反応は、₁₀ mol/L の薬物Ｃの併用により減 -4 -3 少する。"",""薬物Ｃの EC50 値は、₁₀ mol/L である。""]"	multiChoice	[1,3]	null	normal	true	parsed	"[""none""]"		https://www.mhlw.go.jp/content/001226761.pdf	https://www.mhlw.go.jp/content/001228441.pdf	2024-02-18	MHLW website content under Public Data License 1.0 unless separately indicated; third-party content requires separate review
P109-170	109	170	理論	薬剤	下図はイトラコナゾールカプセル ₂₀₀ mg を健常人男性（₂₁～₂₈ 歳）₁₂ 名に経 口投与した際の血中濃度（平均値）の時間推移を示す。イトラコナゾールの最高血 中濃度はファモチジンとともに服用した場合、₅₃％に減少した。イトラコナゾール の吸収過程におけるファモチジンとの相互作用及びその回避法に関する記述のう ち、正しいのはどれか。2つ選べ。 血中イトラコナゾール濃度（ng/mL） ₀ . ₂₅ イトラコナゾール ₀.₂ 単独投与 ₀ . ₁₅ イトラコナゾール +ファモチジン ₀.₁ ₀ . ₀₅ ₀ ₁ ₃ ₆ ₁₂ ₂₄ ₄₈ 時間（h） ○：イトラコナゾールカプセルを水で服用 ●：イトラコナゾールカプセルをファモチジン錠（₄₀ mg）とともに水で服用	"[""イトラコナゾールがファモチジンと難溶性のキレートを形成するため、吸収が 低下する。"",""ファモチジンが P︲糖タンパク質によるイトラコナゾールの分泌を阻害するた め、吸収が低下する。"",""ファモチジンの作用により胃内 pH が上昇し、イトラコナゾールの溶解性が低 下するため、吸収が低下する。"",""ファモチジンの代替薬としてオメプラゾールを検討する。"",""イトラコナゾール製剤として経口液剤を検討する。""]"	multiChoice	[2,4]	null	normal	true	parsed	"[""none""]"		https://www.mhlw.go.jp/content/001226761.pdf	https://www.mhlw.go.jp/content/001228441.pdf	2024-02-18	MHLW website content under Public Data License 1.0 unless separately indicated; third-party content requires separate review
P109-175	109	175	理論	薬剤	下表には薬物の肝抽出率及び血漿タンパク結合率を示す。これら ₃ 種の薬物の 体内動態の変動に関する記述のうち、正しいのはどれか。2つ選べ。 薬物 肝抽出率 血漿タンパク結合率 ニカルジピン ₀ . ₇ より大 ₀ . ₈ より大 フェニトイン ₀ . ₃ より小 ₀ . ₈ より大 テオフィリン ₀ . ₃ より小 ₀ . ₈ より小	"[""ニカルジピンの肝クリアランスは、肝血流量による影響を受けない。"",""ニカルジピンの定常状態における非結合形薬物濃度は、肝血流量が一定であれ ば、血漿タンパク結合率の変動による影響を受けない。"",""フェニトインとテオフィリンの肝クリアランスは、いずれも肝固有クリアラン スの変動の影響を受けやすい。"",""血漿タンパク質の減少による肝クリアランスへの影響は、フェニトインよりテ オフィリンの方が大きい。"",""フェニトインとテオフィリンの定常状態における非結合形薬物濃度は、肝固有 クリアランスが一定であれば、血漿タンパク結合率の変動による影響を受けな い。""]"	multiChoice	[2,4]	null	normal	true	parsed	"[""none""]"		https://www.mhlw.go.jp/content/001226761.pdf	https://www.mhlw.go.jp/content/001228441.pdf	2024-02-18	MHLW website content under Public Data License 1.0 unless separately indicated; third-party content requires separate review
P109-178	109	178	理論	薬剤	イリノテカンは酵素（ア）によって活性代謝物（イ）に変換され、さらに酵素 （ウ）によって代謝物（エ）に変換され不活化される。（ア）の酵素及び（イ）の 構造式、 （ウ）の酵素及び（エ）の構造式のそれぞれの組合せとして、正しいのは どれか。1つ選べ。 Ａ Ｂ CH3 CH3 COOH HO O O O O N OH N N N OH O OH O H3C O H3C O OH OH Ｃ CH3 HO3SO O N N O H3C O OH 酵素（ア） 代謝物（イ） 酵素（ウ） 代謝物（エ）	"[""CYP₃A₄ Ａ 硫酸転移酵素 Ｃ"",""UDP︲グルクロン酸転移酵素 Ａ CYP₃A₄ Ｂ"",""カルボキシルエステラーゼ Ａ UDP︲グルクロン酸転移酵素 Ｂ"",""CYP₃A₄ Ｂ 硫酸転移酵素 Ｃ"",""UDP︲グルクロン酸転移酵素 Ｂ カルボキシルエステラーゼ Ａ"",""カルボキシルエステラーゼ Ｂ UDP︲グルクロン酸転移酵素 Ａ""]"	singleChoice	2	null	normal	true	parsed	"[""none""]"		https://www.mhlw.go.jp/content/001226761.pdf	https://www.mhlw.go.jp/content/001228441.pdf	2024-02-18	MHLW website content under Public Data License 1.0 unless separately indicated; third-party content requires separate review
P109-179	109	179	理論	薬剤	₂ 種類の粉体Ａ及びＢの粉体層について、図 1 に示すように、種々の垂直応力 （v）を加えた状態で可動セルを水平方向に引っ張ることでせん断試験を行った。 得られたせん断応力（x）の値を v に対してプロットした結果を図 2 に示す。以下 の記述のうち、正しいのはどれか。2つ選べ。ただし、x と v の間にはクーロンの 式が成立するものとする。 クーロンの式 x = n・v + C n：内部摩擦係数、C：付着力（いずれも定数） 粉体Ａ フタ 垂直応力 v せん断応力（x） 可動セル 引張り応力 粉体Ｂ 粉体層 固定セル せん断応力 x 垂直応力（v） 図1 図2	"[""粉体Ａは粉体Ｂよりも安息角が大きい。"",""粉体Ａを造粒するとグラフの傾きが大きくなる。"",""粉体Ｂは粉体Ａよりも付着力が強い。"",""粉体Ｂに滑沢剤を適量添加すると内部摩擦係数が大きくなる。"",""粉体Ｂは粉体Ａよりもオリフィスからの流出速度が大きい。""]"	multiChoice	[0,4]	null	normal	true	parsed	"[""none""]"		https://www.mhlw.go.jp/content/001226761.pdf	https://www.mhlw.go.jp/content/001228441.pdf	2024-02-18	MHLW website content under Public Data License 1.0 unless separately indicated; third-party content requires separate review
P109-182	109	182	理論	薬剤	バイオ医薬品の微粒子製剤の水への分散性を、ゼータ電位と平均粒子径から評 価した。下図の異なる pH における結果に関する記述のうち、正しいのはどれか。 2つ選べ。ただし、一次粒子の粒子径は pH により変化せず、温度は一定とする。 また、粒度分布は一峰性で十分小さく、粒子の凝集は可逆的とする。 （mV） （nm） ₂₅ ₄₅₀ ） ） ゼータ電位（ 平均粒子径（ ₀ ₃₀₀ -₂₅ ₁₅₀ ₀ ₂ ₄ ₆ ₈ ₁₀ ₁₂ pH	"[""pH ₂ で分散粒子は正に帯電している。"",""pH ₅ 付近で最も凝集性が高い。"",""pH ₆ 付近で粒子表面は電気的に中性である。"",""pH ₈ 以上で粒子は凝析している。"",""塩を加えることで pH によらず分散性を改善できる。""]"	multiChoice	[0,1]	null	normal	true	parsed	"[""none""]"		https://www.mhlw.go.jp/content/001226761.pdf	https://www.mhlw.go.jp/content/001228441.pdf	2024-02-18	MHLW website content under Public Data License 1.0 unless separately indicated; third-party content requires separate review
P109-183	109	183	理論	薬剤	下図は湿式顆粒圧縮法の製造工程である。Ａ、Ｂの単位操作で使用する装置の 組合せのうち、正しいのはどれか。1つ選べ。 篩過・分級 湿式造粒 乾燥 整粒 混合 打錠 原薬 Ａ Ｂ 添加剤 ア イ 送風 パン スプレー ボール ローラー 粉体 ウ エ スクリーン オ 排気口 ヒーター 空気入口 Ａ Ｂ	"[""ア イ"",""オ エ"",""イ ウ"",""エ オ"",""ウ ア""]"	singleChoice	2	null	normal	true	parsed	"[""none""]"		https://www.mhlw.go.jp/content/001226761.pdf	https://www.mhlw.go.jp/content/001228441.pdf	2024-02-18	MHLW website content under Public Data License 1.0 unless separately indicated; third-party content requires separate review
P109-194	109	194	理論	病態・薬物治療	ある疾患の予防薬である新薬 X の評価を行うために調査を行ったところ、プラ セボ対照無作為化二重盲検比較試験のデータが得られ、新薬 X の有効性が示され ていた（下表）。この結果から算出できる新薬 X の治療必要数（NNT）が ₂₀ であ るとき、表の（Ａ）に入る数値として適切なのはどれか。1つ選べ。 当該疾患の 当該疾患の 発症あり 発症なし 新薬 X 投与群 （Ａ）人 ₈₀₀ -（Ａ）人 ₈₀₀ 人 プラセボ 投与群 ₈₀ 人 ₇₂₀ 人 ₈₀₀ 人	"[""₁₀"",""₂₀"",""₃₀"",""₄₀"",""₅₀""]"	singleChoice	3	null	normal	true	parsed	"[""none""]"		https://www.mhlw.go.jp/content/001226761.pdf	https://www.mhlw.go.jp/content/001228441.pdf	2024-02-18	MHLW website content under Public Data License 1.0 unless separately indicated; third-party content requires separate review
P109-197	109	197	実践	実務	（物理・化学・生物） 二酸化炭素の検出法とその原理に関連する記述のうち、正しいのはどれか。2つ 選べ。	"[""検知管法は、二酸化炭素が酸性溶液に吸収される性質を利用している。"",""検知管法では、検知管に充てんした検知剤中の pH 指示薬の色の変化によって 二酸化炭素を検出する。"",""二酸化炭素は、赤外吸収スペクトル測定法でも検出できる。"",""二酸化炭素が対称伸縮振動をする場合、双極子モーメントは変化する。"",""二酸化炭素は、水素炎イオン化検出器を用いたガスクロマトグラフィーでも検 出できる。""]"	multiChoice	[1,2]	null	normal	true	parsed	"[""none""]"	P109-CASE-196	https://www.mhlw.go.jp/content/001226762.pdf	https://www.mhlw.go.jp/content/001228441.pdf	2024-02-18	MHLW website content under Public Data License 1.0 unless separately indicated; third-party content requires separate review
P109-204	109	204	実践	物理・化学・生物	−205 ₇₂ 歳女性。近医で ₂ 年前に高血圧症及びうつ病と診断され、薬物治療が開 始された。 ₁ 年前から動作緩慢となり、右上肢と左下肢に振戦を自覚するように なった。最近、振戦が強くなったため総合病院を受診したところ、パーキンソン病 が疑われた。担当医は、パーキンソン病の診断を裏付けるためイオフルパン（ I） 注射液によるドパミントランスポーターシンチグラフィーを数週間後に施行するこ とにした。担当医は薬剤師に、検査に関する注意事項の説明を依頼した。薬剤師が お薬手帳を確認したところ、以下の記載があった。 （お薬手帳の内容） フルボキサミンマレイン酸塩錠 ₇₅ mg ₁ 回 ₁ 錠（ ₁ 日 ₂ 錠） ₁日₂回 朝夕食後 ₂₈ 日分 イルベサルタン錠 ₁₀₀ mg ₁ 回 ₁ 錠（ ₁ 日 ₁ 錠） トリクロルメチアジド錠 ₁ mg ₁ 回 ₁ 錠（ ₁ 日 ₁ 錠） ₁日₁回 朝食後 ₂₈ 日分 問 204（実務） 薬剤師が患者にする説明として適切なのはどれか。2つ選べ。	"[""検査結果に影響を与えるため、検査前 ₂₄ 時間は食事を控えてください。"",""トリクロルメチアジド錠は検査結果に影響を与えることがあるので、休薬をす るかどうか医師と協議します。"",""撮影前後はできるだけ水分摂取を制限し、排尿を避けてください。"",""検査薬は検査当日しか使用できないので、確実に検査できる日を予約してくだ さい。"",""検査薬を注射してから、数時間後に頭部の撮影を実施するので、検査に少し時 間がかかります。""]"	multiChoice	[3,4]	null	normal	true	parsed	"[""none""]"	P109-CASE-204	https://www.mhlw.go.jp/content/001226762.pdf	https://www.mhlw.go.jp/content/001228441.pdf	2024-02-18	MHLW website content under Public Data License 1.0 unless separately indicated; third-party content requires separate review
P109-205	109	205	実践	実務	（物理・化学・生物） イオフルパン（123 I）注射液によるドパミントランスポーターシンチグラフィー は SPECT の ₁ つである。この診断法に関連する記述のうち、正しいのはどれか。 2つ選べ。	"[""I から放出される c 線を検出する。"",""SPECT は、放射型の CT の一種である。"",""放出される ₂ 本の消滅放射線を同時計測する。"",""イオフルパン（ I）注射液は、病院内のサイクロトロンで製造する必要がある。"",""ドパミントランスポーターに結合しなかった遊離の I を測定する。""]"	multiChoice	[0,1]	null	normal	true	parsed	"[""none""]"	P109-CASE-204	https://www.mhlw.go.jp/content/001226762.pdf	https://www.mhlw.go.jp/content/001228441.pdf	2024-02-18	MHLW website content under Public Data License 1.0 unless separately indicated; third-party content requires separate review
P109-207	109	207	実践	実務	（物理・化学・生物） ドパミンは、FAD（フラビンアデニンジヌクレオチド）を補酵素としてモノア ミン酸化酵素 B（MAOB）により代謝される。この代謝反応は、以下の図に示す機 構で進行すると考えられている。セレギリンはこの補酵素と共有結合を形成するこ とで MAOB を不可逆的に阻害する。反応①の過程でドパミンの水素アは、セレギ リンにおいては水素イに相当する。以下の記述のうち、正しいのはどれか。2つ選 べ。ただし、図中の FAD の化学構造はＲとして一部省略している。 MAOB MAOB MAOB FAD Cys R H + Cys R Cys R S S H S H N N O N N O N N O NH NH + NH H3C N H3C N H3C N O H O H H O H2N + H N H2N H 水素ア HO OH HO OH HO OH ドパミン 反応① 反応② 反応③ MAOB FADH2 Cys R S H 水素イ N N O NH H3C N H O H H CH3 HN C N C H CH3 代謝物 HO OH 炭素ウ セレギリン H2O 反応④	"[""反応①において、FAD は還元剤として働く。"",""反応②は、置換反応である。"",""反応③において、カテコール骨格をもつイミンが生成する。"",""反応④で生成する「代謝物」は、カテコール骨格をもつ第一級アミンである。"",""セレギリンは炭素ウで補酵素と共有結合を形成する。""]"	multiChoice	[2,4]	null	normal	true	parsed	"[""none""]"	P109-CASE-206	https://www.mhlw.go.jp/content/001226762.pdf	https://www.mhlw.go.jp/content/001228441.pdf	2024-02-18	MHLW website content under Public Data License 1.0 unless separately indicated; third-party content requires separate review
P109-209	109	209	実践	実務	（物理・化学・生物） 後日、同患者が再び来局し、不安やイライラが強いことから漢方薬を紹介してほ しいと依頼された。この患者に加味逍遙散 を紹介したが、この漢方薬を長期服 （注） 用する場合、留意すべき副作用として腸間膜静脈硬化症が報告されている。 （注）サイコ、シャクヤク、トウキ、ソウジュツ、ブクリョウ、サンシシ、ボタン ピ、カンゾウ、ショウキョウ、ハッカから構成される処方 この副作用の原因と考えられる生薬として正しいのはどれか。1つ選べ。なお、 写真左下のスケールバーは ₁ cm である。	[]	singleChoice	1	null	normal	true	no_choice_sequence	"[""none""]"	P109-CASE-208	https://www.mhlw.go.jp/content/001226762.pdf	https://www.mhlw.go.jp/content/001228441.pdf	2024-02-18	MHLW website content under Public Data License 1.0 unless separately indicated; third-party content requires separate review
P109-210	109	210	実践	物理・化学・生物	−211 ₄₃ 歳男性。身長 ₁₇₀ cm、体重 ₇₅ kg。双極性障害で処方 ₁ の薬剤を服用し ていた。抑うつ症状が再燃してきたため、今回、処方 ₂ が追加された処方箋と以下 の検査値が記載された情報用紙を持って患者が来局した。 （処方 ₁ ） バルプロ酸 Na 徐放錠 ₂₀₀ mg ₁ 回 ₂ 錠（ ₁ 日 ₄ 錠） 炭酸リチウム錠 ₂₀₀ mg ₁ 回 ₂ 錠（ ₁ 日 ₄ 錠） ₁日₂回 朝夕食後 ₁₄ 日分 （処方 ₂ ） ラモトリギン錠 ₂₅ mg ₁ 回 ₁ 錠（ ₁ 日 ₁ 錠） ₁日₁回 朝食後 ₁₄ 日分 （検査値） 血清クレアチニン ₁ . ₀ mg/dL、AST ₂₈ IU/L、ALT ₂₂ IU/L、 血清中リチウム濃度 ₁ . ₂ mEq/L、血清中バルプロ酸濃度 ₁₀₀ ng/mL 問 210（物理・化学・生物） バルプロ酸やラモトリギンは、どちらもグルクロン酸転移酵素で代謝される。ラ モトリギンのグルクロン酸抱合体の構造として正しいのはどれか。1つ選べ。 N グルクロン酸転移酵素 Cl N グルクロン酸抱合体 Cl H2N N NH2 ラモトリギン O OH N + Cl N OH HO OH Cl HN O HO OH H2N N NH2 O OH H N + NH Cl N O CO2H HS N + Cl N O Cl O Cl H2N N NH2 NH2 H2N N NH2 H CO2H 1 2 3 HO2C HN O O O H NH N + S N S Cl N OH + Cl N O Cl CI NH2 H2N N NH2 H2N N NH2 H CO2H 4 5	[]	singleChoice	1	null	normal	true	no_choice_sequence	"[""none""]"	P109-CASE-210	https://www.mhlw.go.jp/content/001226762.pdf	https://www.mhlw.go.jp/content/001228441.pdf	2024-02-18	MHLW website content under Public Data License 1.0 unless separately indicated; third-party content requires separate review
P109-213	109	213	実践	実務	（物理・化学・生物） カペシタビンは、段階的にフルオロウラシルに代謝されるプロドラッグである。 体内におけるカペシタビンの代謝を示した下図に関する記述のうち、正しいのはど れか。2つ選べ。 O CH3 NH2 HN O F F N N カルボキシルエステラーゼ （肝臓） O N O N H3C O H3C O H H HO CH3 + Ａ H H H H H H HO OH HO OH カペシタビン Ｂ O F HN ピリミジンヌクレオシド O シチジン O N ホスホリラーゼ F デアミナーゼ （腫瘍組織） HN H3C O H H O N H H H HO OH Ｄ フルオロウラシル Ｃ	"[""カペシタビンの点線で囲った構造は、分子の疎水性を高める。"",""Ａは二酸化炭素（CO2）である。"",""Ｂの糖部は D︲リボースである。"",""Ｃの点線で囲った酸素原子は、水に溶けている酸素分子（O2）に由来する。 H3C O H H H"",""加リン酸分解で生じるＤの構造式は H OH である。 HO OH""]"	multiChoice	[0,1]	null	normal	true	parsed	"[""none""]"	P109-CASE-212	https://www.mhlw.go.jp/content/001226762.pdf	https://www.mhlw.go.jp/content/001228441.pdf	2024-02-18	MHLW website content under Public Data License 1.0 unless separately indicated; third-party content requires separate review
P109-220	109	220	実践	物理・化学・生物	−221 ₈₉ 歳女性。体重 ₄₀ kg。高血圧症及び慢性心不全に対して処方 ₁ で薬物治 療を行っている。独居で入院拒否があるため、医師と薬剤師、看護師が訪問してい る。最近、下腿浮腫が出現し、労作時の息苦しさや疲労感が強くなってきたため、 血液検査を実施したところ、脳性ナトリウム利尿ペプチド前駆体 N 端フラグメン ト（NT︲proBNP）値が ₃ ケ月前の ₄₅₀ pg/mL から下記の検査値になっていた。 （処方 ₁ ） エナラプリルマレイン酸塩錠 ₅ mg ₁ 回 ₁ 錠（ ₁ 日 ₁ 錠） ビソプロロールフマル酸塩錠 ₀ . ₆₂₅ mg ₁ 回 ₁ 錠（ ₁ 日 ₁ 錠） アゾセミド錠 ₆₀ mg ₁ 回 ₁ 錠（ ₁ 日 ₁ 錠） スピロノラクトン錠 ₅₀ mg ₁ 回 ₁ 錠（ ₁ 日 ₁ 錠） ₁日₁回 朝食後 ₁₄ 日分 （検査値） Na ₁₄₁ mEq/L、K ₄ . ₈ mEq/L、eGFR ₅₄ mL/min/₁ . ₇₃ m2、 NT︲proBNP ₁ , ₁₈₀ pg/mL ※なお、NT︲proBNP 値 ₉₀₀ pg/mL 以上は治療対象となる心不全の可能性が 高い。 その後、訪問医は継続中だった処方 ₁ のうち、エナラプリルのみを中止して、新 たに処方 ₂ を追加した。 （処方 ₂ ） サクビトリルバルサルタン Na 水和物錠 ₅₀ mg ₁ 回 ₁ 錠（ ₁ 日 ₂ 錠） ₁日₂回 朝夕食後 ₇ 日分 問 220（物理・化学・生物） 下図は、脳性ナトリウム利尿ペプチド（BNP）の生成と代謝の過程を示してい る。BNP は、mRNA から BNP 前駆体タンパク質として翻訳された後、切断され て血中に分泌される。サクビトリルが阻害する酵素ネプリライシンの作用部位は、 切断 ₁ ～ ₃ のいずれかである。以下の記述のうち、正しいのはどれか。2つ選べ。 切断 ₁ ₁ ₁₃₄ BNP 前駆体タンパク質 切断 ₂ ₁ ₂₆ ₂₇ ₁₃₄ ペプチドＡ 切断 ₃ ₂₇ ₁₀₂ ₁₀₃ ₁₃₄ ペプチドＢ BNP ₁₀₃ ₁₀₆ ₁₀₇ ₁₃₄ ペプチドＣ	"[""BNP と NT︲proBNP は、主に心室から分泌される。"",""NT︲proBNP は、図のペプチドＡである。"",""BNP は、NT︲proBNP よりも血液中での安定性が高い。"",""ネプリライシンの作用部位は、切断 ₃ である。"",""NT︲proBNP は、BNP と同様に腎臓に作用して Na の尿中への排出を促進する。 +""]"	multiChoice	[0,3]	null	normal	true	parsed	"[""none""]"	P109-CASE-220	https://www.mhlw.go.jp/content/001226762.pdf	https://www.mhlw.go.jp/content/001228441.pdf	2024-02-18	MHLW website content under Public Data License 1.0 unless separately indicated; third-party content requires separate review
P109-230	109	230	実践	衛生	−231 ₅₆ 歳男性。₃₀ 歳から印刷会社に勤務している。 ₆ ケ月ごとに実施される 特定化学物質健康診断を受診したところ、第一次検査の結果は以下のとおりであっ た。 （第一次検査の検査値） 身長 ₁₆₅ cm、体重 ₆₂ . ₅ kg、体温 ₃₆ . ₆ ℃、血圧 ₁₂₂/₈₃ mmHg、 脈拍 ₇₆ 拍/分、AST ₄₀ IU/L、ALT ₄₆ IU/L、c︲GTP ₉₅ IU/L 第二次検査として、腹部の超音波による検査等の画像検査、呼気中の一酸化炭素 量の測定、血清間接ビリルビン及び血液中の腫瘍マーカーの検査を受けた。 （第二次検査の検査値（一部抜粋）） 血清間接ビリルビン ₀ . ₉₇ mg/dL（総ビリルビン ₁ . ₈₁ mg/dL、直接ビリルビン ₀ . ₈₄ mg/dL）、胆道がんの腫瘍マーカー陽性 画像検査で胆道に腫瘍が見つかった。 問 230（実務） 本症例で陽性となった胆道がんの腫瘍マーカーはどれか。1つ選べ。	"[""NSE（neuron specific enolase）"",""PSA（prostate specific antigen）"",""CYFRA ₂₁︲₁（cytokeratin ₁₉ fragment antigen）"",""CA ₁₉︲₉（carbohydrate antigen ₁₉︲₉）"",""SCC 抗原（squamous cell carcinoma related antigen）""]"	singleChoice	3	null	normal	true	parsed	"[""none""]"	P109-CASE-230	https://www.mhlw.go.jp/content/001226762.pdf	https://www.mhlw.go.jp/content/001228441.pdf	2024-02-18	MHLW website content under Public Data License 1.0 unless separately indicated; third-party content requires separate review
P109-231	109	231	実践	実務	（衛生） この男性は第二次検査の結果から、最終的に胆道がんと診断された。その原因と なった可能性が高いと考えられる化学物質はどれか。2つ選べ。 1 2 3 CH3 Cl Cl Cl Cl NH2 CH3 4 5 O Cl P CH3 H2N NH2 O O O Cl Cl Cl CH3	[]	multiChoice	[0,2]	null	normal	true	no_choice_sequence	"[""none""]"	P109-CASE-230	https://www.mhlw.go.jp/content/001226762.pdf	https://www.mhlw.go.jp/content/001228441.pdf	2024-02-18	MHLW website content under Public Data License 1.0 unless separately indicated; third-party content requires separate review
P109-237	109	237	実践	実務	（衛生） この経口補水液に表示されているマークはどれか。1つ選べ。 1 2 3 4 5	[]	singleChoice	3	null	normal	true	no_choice_sequence	"[""none""]"	P109-CASE-236	https://www.mhlw.go.jp/content/001226762.pdf	https://www.mhlw.go.jp/content/001228441.pdf	2024-02-18	MHLW website content under Public Data License 1.0 unless separately indicated; third-party content requires separate review
P109-242	109	242	実践	衛生	−243 ある市立中学校で、線状降水帯による大雨のため床下浸水の被害が発生 し、休校となった。この学校では、市から供給される水道水のみを水源とし、地下 の受水槽に一旦貯めたのちに、高置水槽に揚水して給水栓に飲料水を供給してい る。学校を再開するにあたり、臨時検査として給水栓の飲料水の水質を検査するこ とになり、学校薬剤師が以下の項目について検査を行った。 検査項目：一般細菌、大腸菌、塩化物イオン、全有機炭素（TOC）の量、pH 値、 味、臭気、色度、濁度及び遊離残留塩素 下表は学校薬剤師が採水時に測定した項目及び検査機関で測定した項目の検査結 果である。直近の定期検査は災害の ₂ ケ月前に実施したものである。 検査結果 検査項目 直近の定期検査 臨時検査 一般細菌 不検出 ₂ , ₈₀₀ 個/mL 大腸菌 不検出 不検出 塩化物イオン ₁₂ . ₄ mg/L ₃₁ . ₀ mg/L 全有機炭素（TOC） ₀ . ₅₂ mg/L ₀ . ₆₈ mg/L pH 値 ₇.₂ ₆.₅ 味 異常なし 異常なし 臭気 異常なし 異常なし 色度 ₁ 度未満 ₁ 度未満 濁度 ₀ . ₁ 度未満 ₀.₆ 度 遊離残留塩素 ₀ . ₃ mg/L ₀ . ₀₅ mg/L 問 242（衛生） 検査を行った項目のうち、次の試薬Ａ～Ｃを用いる項目の組合せとして正しいの はどれか。1つ選べ。 試薬Ａ 試薬Ｂ 試薬Ｃ NH2 O O O O O HO H3C N AgNO3 HO OH H3C OH CH3 試薬Ａ 試薬Ｂ 試薬Ｃ	"[""大腸菌 一般細菌 pH 値"",""遊離残留塩素 一般細菌 塩化物イオン"",""塩化物イオン 大腸菌 pH 値"",""遊離残留塩素 大腸菌 塩化物イオン"",""大腸菌 pH 値 遊離残留塩素""]"	singleChoice	3	null	normal	true	parsed	"[""none""]"	P109-CASE-242	https://www.mhlw.go.jp/content/001226762.pdf	https://www.mhlw.go.jp/content/001228441.pdf	2024-02-18	MHLW website content under Public Data License 1.0 unless separately indicated; third-party content requires separate review
P109-268	109	268	実践	薬剤	−269 ₄₃ 歳男性。既婚で妻と二人暮らし。糖尿病治療のため、インスリンの自己 注射を行っている。インスリン療法開始から ₁ 年程度経過し、血糖値は正常値に近 づいてきた。しかし、食事をとらずに注射したときや入浴中の低血糖症状による意 識障害により、救急搬送を何度か経験しており、グルカゴン注射液を家族が投与で きるよう ₃ ケ月前に処方（処方 ₁ ）された。しかし、その後重症低血糖による意識 障害を起こしている本人を前にして、妻が注射液の調製を失敗してしまい、救急車 を待つことしかできなかった。そこで、今後の低血糖対策として、グルカゴン点鼻 粉末剤（処方 ₂ ）を使用できるよう、妻同席のもと医師による説明が実施され、薬 剤部には薬剤の使用方法等について説明の依頼があった。 （処方 ₁ ） グルカゴン（遺伝子組換え）注射用 ₁ mg ₁回₁本 （溶解用注射用水 ₁ mL 添付してください） 低血糖時 注射用水で溶解後に筋注 ₁ 回分 （処方 ₂ ） グルカゴン点鼻粉末剤 ₃ mg ₁回₁個 低血糖時 鼻腔内に噴霧 ₁ 回分 問 268（薬剤） 下図は処方 ₁ と処方 ₂ の薬剤投与時の、血漿中グルカゴン濃度（Ａ）と血中グル コース濃度（Ｂ）の時間推移をそれぞれ示したものである。次の記述のうち、正し いのはどれか。2つ選べ。 Ａ ₁₄₀₀₀ 処方 ₁ ₁₂₀₀₀ 血漿中グルカゴン濃度（pg/mL） 処方 ₂ ₁₀₀₀₀ ₈₀₀₀ ₆₀₀₀ ₄₀₀₀ ₂₀₀₀ ₀ ₀.₀ ₀.₅ ₁.₀ ₁.₅ ₂.₀ ₂.₅ ₃.₀ ₃.₅ ₄.₀ 時間（h） Ｂ ₂₅₀ 処方 ₁ 処方 ₂ 血中グルコース濃度（mg/dL） ₂₀₀ ₁₅₀ ₁₀₀ ₅₀ ₀ ₀ ₁₀ ₂₀ ₃₀ ₄₀ ₅₀ ₆₀ ₇₀ ₈₀ ₉₀ 時間（min） 図 各薬剤投与後の血漿中グルカゴン濃度（Ａ）と血中グルコース濃度（Ｂ） の時間推移	"[""処方 ₁ で投与した場合のグルカゴンの最高血漿中濃度到達時間は ₃₀ 分である。"",""処方 ₁ で投与した場合の投与後 ₆₀ 分までの血中グルコース濃度の上昇推移 は、処方 ₂ で投与した場合とほぼ等しい。"",""処方 ₂ で投与した場合、グルカゴンは鼻粘膜より直接体循環に移行し、肝臓で の初回通過効果を回避することができる。"",""処方 ₂ で投与する場合に処方 ₁ の場合と同等の血中グルコース濃度上昇作用を 得るためには、同用量のグルカゴンが必要である。"",""処方 ₂ で投与した場合、投与後 ₃₀ 分までの血中グルコース濃度は約 ₇₀ mg/dL であり、最大血中グルコース濃度は ₁₄₀ mg/dL を超える値まで上昇する。""]"	multiChoice	[1,2]	null	normal	true	parsed	"[""none""]"	P109-CASE-268	https://www.mhlw.go.jp/content/001226763.pdf	https://www.mhlw.go.jp/content/001228441.pdf	2024-02-18	MHLW website content under Public Data License 1.0 unless separately indicated; third-party content requires separate review
P109-270	109	270	実践	薬剤	−271 ₇₃ 歳男性。体重 ₆₀ kg。慢性気管支炎のため、長期治療（エンクラッセ ₆₂ . ₅ ng エリプタ ₃₀ 吸入用 、 ₁ 日 ₁ 回 ₁ 吸入）を実施中である。咳嗽症状が悪 （注） 化し、₃₉ ℃以上の発熱、茶色の喀痰症状があり、肺炎疑いのため、入院加療と なった。 最近では肺炎を繰り返しており、精査を行ったところ、末梢血好酸球増加、アス ペルギルスの抗体検査及び喀痰検査陽性、レントゲン画像所見などから、アレル ギー性気管支肺アスペルギルス症と診断され、ボリコナゾール ₂₀₀ mg 静注用を投 与することとなった。投与量は、ボリコナゾールとして初日は ₁ 回 ₆ mg/kg を ₁ 日 ₂ 回、 ₂ 日目以降は ₁ 回 ₃ mg/kg を ₁ 日 ₂ 回とした。投与開始から ₄ 日目と ₈ 日 目に血中濃度を測定した。測定結果がわかるまでに数日を要することから、病棟カ ンファレンスにおいて、薬物治療に関する確認事項を共有した。 （注） ₁ 吸入でウメクリジニウムとして ₆₂ . ₅ ng を吸入できるドライパウダー吸入 剤 問 270（実務） ボリコナゾールの TDM 結果の解析に向けて、薬物の体内動態と血中濃度の個人 差について共有しておくべき情報として、正しいのはどれか。2つ選べ。	"[""トラフ値が目標値を超える場合は、肝機能障害に注意する。"",""ウメクリジニウムにより代謝酵素の阻害を受けるため、併用には注意が必要で ある。"",""主となる代謝酵素は、日本人の人口の約 ₅₀％が poor metabolizer である。"",""中等度の腎機能低下時には、注射剤中の添加剤の蓄積による腎機能悪化に注意 が必要である。"",""₂ 日目以降に同じ投与量を繰り返した場合、代謝酵素の誘導を起こして血中濃 度は上昇する。""]"	multiChoice	[0,3]	null	normal	true	parsed	"[""none""]"	P109-CASE-270	https://www.mhlw.go.jp/content/001226763.pdf	https://www.mhlw.go.jp/content/001228441.pdf	2024-02-18	MHLW website content under Public Data License 1.0 unless separately indicated; third-party content requires separate review
P109-283	109	283	実践	実務	（薬剤） 患児の母親への服薬指導にあたって、事前に処方 ₃ のツロブテロールテープ剤に 関する医薬品情報を調べたところ、有効成分及び製剤に関して、以下の情報が得ら れた。 ツロブテロール経皮吸収型テープ 製剤断面図（模式図） 支持体 粘着性膏体 ライナー ：ツロブテロール分子 ：ツロブテロール結晶 有効成分 ツロブテロール H OH H N CH3 構造式 H3C CH3 Cl 及び鏡像異性体 分子量：₂₂₇ . ₇₃ ・融点：₉₀～₉₃ ℃ ・pKa：₉ . ₇₄ 物理化学的性質 ・分配係数（₃₇ ℃）：₆ . ₆₆（ ₁︲オクタノール/pH ₇ . ₄₀ 緩衝液） ・血清タンパク質結合率（in vitro）：₂₈ . ₁％ 上記の情報に基づいて、本製剤を患児に単回貼付して ₂₄ 時間後に剥離した場合 の血清中薬物濃度の時間推移のパターンを予測したグラフとして、最も適切なのは どれか。1つ選べ。なお、小児（喘息児 ₅ 名）にツロブテロールドライシロップ剤 ₂₀ mg/kg（ツロブテロール塩酸塩として ₀ . ₀₂ mg/kg）を経口投与した場合の体内 半減期は、インタビューフォームから ₃ . ₅₆ 時間であった。 剥離 血清中ツロブテロール濃度 （ng/mL） ₀ ₀ ₄ ₈ ₁₂ ₂₄ ₃₆ ₄₈ 貼付後時間（h） 血清中ツロブテロール濃度 剥離 （ng/mL） ₀ ₀ ₄ ₈ ₁₂ ₂₄ ₃₆ ₄₈ 貼付後時間（h） 血清中ツロブテロール濃度 剥離 （ng/mL） ₀ ₀ ₄ ₈ ₁₂ ₂₄ ₃₆ ₄₈ 貼付後時間（h） 剥離 血清中ツロブテロール濃度 （ng/mL） ₀ ₀ ₄ ₈ ₁₂ ₂₄ ₃₆ ₄₈ 貼付後時間（h） 血清中ツロブテロール濃度 （ng/mL） 剥離 ₀ ₀ ₄ ₈ ₁₂ ₂₄ ₃₆ ₄₈ 貼付後時間（h）	[]	singleChoice	1	null	normal	true	no_choice_sequence	"[""none""]"	P109-CASE-282	https://www.mhlw.go.jp/content/001226763.pdf	https://www.mhlw.go.jp/content/001228441.pdf	2024-02-18	MHLW website content under Public Data License 1.0 unless separately indicated; third-party content requires separate review
P109-285	109	285	実践	実務	（薬剤） 前問で処方された内服薬は、注射剤であるガンシクロビルの消化管吸収を改善す ることによって経口製剤化した医薬品である。有効成分の吸収に影響する因子を考 慮するために、構造式及び物性値から主たる吸収改善の機構を推定した。最も適当 なのはどれか。1つ選べ。 バルガンシクロビル塩酸塩の構造式： H2N OH O O O H H2N N N N N O ・HCl pKa：約 ₇ . ₆ 分配係数：₀ . ₀₀₉₅（₁︲オクタノール/pH ₆ . ₉₆ 緩衝液）	"[""塩の形成による溶解性の改善"",""疎水性を高めることによる受動輸送の改善"",""腸内細菌による活性体への変換"",""ペプチドトランスポーターの基質となる化学修飾"",""P︲糖タンパク質による能動輸送の促進""]"	singleChoice	3	null	normal	true	parsed	"[""none""]"	P109-CASE-284	https://www.mhlw.go.jp/content/001226763.pdf	https://www.mhlw.go.jp/content/001228441.pdf	2024-02-18	MHLW website content under Public Data License 1.0 unless separately indicated; third-party content requires separate review
P109-290	109	290	実践	病態・薬物治療	−291 ₇₉ 歳女性。 ₃ 年前、階段を昇る時に息切れを感じるようになり受診したと ころ、胸部レントゲン写真で心拡大と肺うっ血を認め、心エコー検査等の結果、慢 性心不全と診断された。処方 ₁ と処方 ₂ で治療されていたが、慢性心不全の増悪に より入院した。その後、処方 ₁ を処方 ₃ へ変更し目立った副作用なく病態が安定し た。医師は検査値等を確認し、さらに処方 ₄ を退院時に追加し退院することになっ た。退院時の検査値等は以下のとおりである。 （処方 ₁ ） エナラプリルマレイン酸塩錠 ₅ mg ₁ 回 ₂ 錠（ ₁ 日 ₂ 錠） ₁日₁回 朝食後 ₃₀ 日分 （処方 ₂ ） ビソプロロールフマル酸塩錠 ₂ . ₅ mg ₁ 回 ₁ 錠（ ₁ 日 ₁ 錠） ₁日₁回 朝食後 ₃₀ 日分 エプレレノン錠 ₂₅ mg ₁ 回 ₁ 錠（ ₁ 日 ₁ 錠） ₁日₁回 朝食後 ₃₀ 日分 （処方 ₃ ） サクビトリルバルサルタン錠 ₅₀ mg ₁ 回 ₁ 錠（ ₁ 日 ₂ 錠） ₁日₂回 朝夕食後 ₃₀ 日分 （処方 ₄ ） ダパグリフロジンプロピレングリコール水和物錠 ₁₀ mg ₁ 回 ₁ 錠（ ₁ 日 ₁ 錠） ₁日₁回 朝食後 ₃₀ 日分 （検査値） 血圧 ₁₁₀/₇₀ mmHg、心拍 ₆₀ 拍/分、AST ₂₀ IU/L、ALT ₁₀ IU/L、 BUN ₁₅ mg/dL、血清クレアチニン ₀ . ₈ mg/dL、Na ₁₄₂ mEq/L、 K ₄ . ₁ mEq/L、Cl ₁₀₂ mEq/L、血清 NT︲pro BNP ₁ , ₂₀₀ pg/mL、 左室駆出率（LVEF）₃₅％、空腹時血糖 ₁₀₂ mg/dL、HbA₁c ₅ . ₈％ 問 290（病態・薬物治療） この患者の病態と治療に関する記述として、正しいのはどれか。2つ選べ。	"[""心臓の拡張不全が主体で、収縮不全はみられない。"",""息切れと肺うっ血は、左心不全に起因する症状である。"",""患者の呼吸症状が改善したので、ビソプロロールを減量すべきである。"",""ダパグリフロジンは、高血糖の改善を目的に追加処方されている。"",""血清カリウム値を定期的に測定する。""]"	multiChoice	[1,4]	null	normal	true	parsed	"[""none""]"	P109-CASE-290	https://www.mhlw.go.jp/content/001226764.pdf	https://www.mhlw.go.jp/content/001228441.pdf	2024-02-18	MHLW website content under Public Data License 1.0 unless separately indicated; third-party content requires separate review
P109-307	109	307	実践	実務	（実務） 薬学部学生がこの患者のインスリン自己免疫症候群について作成した、下図の医 薬品安全性情報報告書案を指導薬剤師が確認したところ、不適切な記載を ₁ ケ所発 見した。それはどれか。1つ選べ。 ＜学生が作成した医薬品安全性情報報告書案＞ 1 2 3	[]	singleChoice	2	null	normal	true	no_choice_sequence	"[""none""]"	P109-CASE-306	https://www.mhlw.go.jp/content/001226764.pdf	https://www.mhlw.go.jp/content/001228441.pdf	2024-02-18	MHLW website content under Public Data License 1.0 unless separately indicated; third-party content requires separate review
P109-325	109	325	実践	実務	（実務） この競技者から症状を詳しく聴取したところ、一般用医薬品で対応したほうがよ いと判断された。鼻炎に効果がある一般用医薬品のうち、ドーピング禁止物質を含 む医薬品はどれか。2つ選べ。 番号 成分 クロルフェニラミンマレイン酸塩、フェニレフリン塩酸塩、ベラドンナ総 アルカロイド、グリチルリチン酸、無水カフェイン クロルフェニラミンマレイン酸塩、塩酸プソイドエフェドリン、ベラドン ナ総アルカロイド、トラネキサム酸、無水カフェイン 3 セチリジン塩酸塩 4 メキタジン ハンゲ、カンキョウ、カンゾウ、ケイヒ、ゴミシ、サイシン、シャクヤク、 マオウ 一般問題（薬学実践問題）【実務】	[]	multiChoice	[1,4]	null	normal	true	no_choice_sequence	"[""none""]"	P109-CASE-324	https://www.mhlw.go.jp/content/001226764.pdf	https://www.mhlw.go.jp/content/001228441.pdf	2024-02-18	MHLW website content under Public Data License 1.0 unless separately indicated; third-party content requires separate review
P109-330	109	330	実践	実務	₂₈ 歳女性。体重 ₅₀ kg。 ₅ 年前に双極性障害と診断され、近隣の精神科通院加 療中であった。炭酸リチウム ₈₀₀ mg（₂₁ . ₆ mEq）/日の内服でコントロール良好で あった（血清リチウム濃度：₀ . ₈～₁ . ₀ mEq/L）が、夫と口論になりその後希死念 慮を認めた。翌朝午前 ₅ 時ごろに炭酸リチウム錠 ₂₀₀ mg を ₁₀₀ 錠過量服用した。 その後、夫からの通報で救急搬送され、直ちに経鼻胃管による胃洗浄等の処置を施 したが心電図で QT 延長を認めたことから、リチウム中毒を疑い、入院の上で同日 ₁₆ 時より持続的血液透析（CHD）を開始した。来院時に ₁ . ₆ mEq/L であった血清 リチウム濃度は CHD 開始時には ₃ . ₆ mEq/L に上昇していた。その後、₂₀ 時、₂₂ 時、翌日 ₁₂ 時に採血と心電図検査を実施した。患者の経過を図に示す。 （来院時所見等） 血圧 ₇₅/₄₅ mmHg、脈拍 ₉₂ 拍/分、 QTc（Bazett 補正式）₀ . ₄₅₅ 秒（基準値：₀ . ₃₆ 秒以上 ₀ . ₄₄ 秒未満）、 血清リチウム濃度 ₁ . ₆ mEq/L（有効治療域：₀ . ₆～₁ . ₂ mEq/L）、 血清クレアチニン ₀ . ₇₅ mg/dL、Na ₁₄₀ mEq/L、K ₃ . ₈ mEq/L ₄.₀ ₀ . ₅₀ ₀ . ₄₉₂ ₂₀：₀₀ ₃.₆ 血清リチウム濃度（mEq/mL） ₀ . ₄₈ ₀ . ₄₇₇ ₃.₀ ₀ . ₄₆₈ QTc 時間（秒） ₂ . ₇₆ ₂ . ₄₂ ₀ . ₄₆ ₂ . ₀ ₀ . ₄₅₅ ₂₂：₀₀ ₁.₆ ₀ . ₄₄₄ ₀ . ₄₄ ₁.₀ ₆：₀₀ 救急搬送 ₁₆：₀₀ ₀ . ₉₆ ₀ . ₄₂ CHD ₁₂：₀₀ 入院 ₁₂：₀₀ ₀.₀ ₀ . ₄₀ 第 ₁ 病日 第 ₂ 病日 第 ₃ 病日 CHD は第 ₂ 病日 ₁₂ 時に離脱、経過観察とした。第 ₃ 病日 ₁₂ 時の心電図では QTc は ₀ . ₄₃₁ 秒にまで改善し、患者の容態も安定した。 担当薬剤師のこの患者に対するアセスメント等として適切なのはどれか。2つ選 べ。ただし、CHD 離脱によって炭酸リチウムの全身クリアランスは半分になるこ と、炭酸リチウムの分布容積は CHD によらず ₀ . ₈₄ L/kg とする。	"[""服用した炭酸リチウムの半分に相当する量が吸収されていた。"",""腸に達した炭酸リチウム除去のための薬用炭投与は無効である。"",""CHD の離脱時には心電図は正常化している。"",""リチウムの体内動態は非線形性を特徴とする。"",""第 ₃ 病日 ₁₂ 時の血清リチウム濃度は ₀ . ₅ mEq/L 未満と推定される。""]"	singleChoice	null	null	excluded	true	parsed	"[""graph_axis_unit""]"		https://www.mhlw.go.jp/content/001226764.pdf	https://www.mhlw.go.jp/content/001228441.pdf	2024-02-18	MHLW website content under Public Data License 1.0 unless separately indicated; third-party content requires separate review
