exam,question_no,section,rights_status,asset_status,correction_status,scoring_status
111,1,mandatory,cleared_text_only_candidate,none_detected_initial_review,none,scored
111,2,mandatory,pending,unreviewed,none,scored
111,3,mandatory,pending,unreviewed,none,scored
111,4,mandatory,cleared_text_only_candidate,none_detected_initial_review,none,scored
111,5,mandatory,pending,unreviewed,none,scored
111,6,mandatory,pending,unreviewed,none,scored
111,7,mandatory,pending,unreviewed,none,scored
111,8,mandatory,pending,unreviewed,none,scored
111,9,mandatory,pending,unreviewed,none,scored
111,10,mandatory,pending,unreviewed,none,scored
111,11,mandatory,pending,unreviewed,none,scored
111,12,mandatory,cleared_text_only_candidate,none_detected_initial_review,none,scored
111,13,mandatory,cleared_text_only_candidate,none_detected_initial_review,none,scored
111,14,mandatory,cleared_text_only_candidate,none_detected_initial_review,none,scored
111,15,mandatory,cleared_text_only_candidate,none_detected_initial_review,none,scored
111,16,mandatory,cleared_text_only_candidate,none_detected_initial_review,none,scored
111,17,mandatory,cleared_text_only_candidate,none_detected_initial_review,none,scored
111,18,mandatory,pending,unreviewed,none,scored
111,19,mandatory,pending,unreviewed,none,scored
111,20,mandatory,pending,unreviewed,none,scored
111,21,mandatory,pending,unreviewed,none,scored
111,22,mandatory,pending,unreviewed,none,scored
111,23,mandatory,pending,unreviewed,none,scored
111,24,mandatory,pending,unreviewed,none,scored
111,25,mandatory,pending,unreviewed,none,scored
111,26,mandatory,pending,unreviewed,none,scored
111,27,mandatory,pending,unreviewed,none,scored
111,28,mandatory,pending,unreviewed,none,scored
111,29,mandatory,pending,unreviewed,none,scored
111,30,mandatory,pending,unreviewed,none,scored
111,31,mandatory,pending,unreviewed,none,scored
111,32,mandatory,pending,unreviewed,none,scored
111,33,mandatory,pending,unreviewed,none,scored
111,34,mandatory,pending,unreviewed,none,scored
111,35,mandatory,pending,unreviewed,none,scored
111,36,mandatory,pending,unreviewed,none,scored
111,37,mandatory,pending,unreviewed,none,scored
111,38,mandatory,pending,unreviewed,none,scored
111,39,mandatory,pending,unreviewed,none,scored
111,40,mandatory,pending,unreviewed,none,scored
111,41,mandatory,pending,unreviewed,none,scored
111,42,mandatory,pending,unreviewed,none,scored
111,43,mandatory,pending,unreviewed,none,scored
111,44,mandatory,pending,unreviewed,none,scored
111,45,mandatory,pending,unreviewed,none,scored
111,46,mandatory,pending,unreviewed,none,scored
111,47,mandatory,pending,unreviewed,none,scored
111,48,mandatory,pending,unreviewed,none,scored
111,49,mandatory,pending,unreviewed,none,scored
111,50,mandatory,pending,unreviewed,none,scored
111,51,mandatory,pending,unreviewed,none,scored
111,52,mandatory,pending,unreviewed,none,scored
111,53,mandatory,pending,unreviewed,none,scored
111,54,mandatory,pending,unreviewed,none,scored
111,55,mandatory,pending,unreviewed,none,scored
111,56,mandatory,pending,unreviewed,none,scored
111,57,mandatory,pending,unreviewed,none,scored
111,58,mandatory,pending,unreviewed,none,scored
111,59,mandatory,pending,unreviewed,none,scored
111,60,mandatory,pending,unreviewed,none,scored
111,61,mandatory,pending,unreviewed,none,scored
111,62,mandatory,pending,unreviewed,none,scored
111,63,mandatory,pending,unreviewed,none,scored
111,64,mandatory,pending,unreviewed,none,scored
111,65,mandatory,pending,unreviewed,none,scored
111,66,mandatory,pending,unreviewed,none,scored
111,67,mandatory,pending,unreviewed,none,scored
111,68,mandatory,pending,unreviewed,none,scored
111,69,mandatory,pending,unreviewed,none,scored
111,70,mandatory,pending,unreviewed,none,scored
111,71,mandatory,pending,unreviewed,none,scored
111,72,mandatory,pending,unreviewed,none,scored
111,73,mandatory,pending,unreviewed,none,scored
111,74,mandatory,pending,unreviewed,none,scored
111,75,mandatory,pending,unreviewed,none,scored
111,76,mandatory,pending,unreviewed,none,scored
111,77,mandatory,pending,unreviewed,none,scored
111,78,mandatory,pending,unreviewed,none,scored
111,79,mandatory,pending,unreviewed,none,scored
111,80,mandatory,pending,unreviewed,none,scored
111,81,mandatory,pending,unreviewed,none,scored
111,82,mandatory,pending,unreviewed,none,scored
111,83,mandatory,pending,unreviewed,none,scored
111,84,mandatory,pending,unreviewed,none,scored
111,85,mandatory,pending,unreviewed,none,scored
111,86,mandatory,pending,unreviewed,none,scored
111,87,mandatory,pending,unreviewed,none,scored
111,88,mandatory,pending,unreviewed,none,scored
111,89,mandatory,pending,unreviewed,none,scored
111,90,mandatory,pending,unreviewed,none,scored
111,91,theory,pending,unreviewed,none,scored
111,92,theory,pending,unreviewed,wording,scored
111,93,theory,pending,unreviewed,none,scored
111,94,theory,pending,unreviewed,none,scored
111,95,theory,pending,unreviewed,none,scored
111,96,theory,pending,unreviewed,none,scored
111,97,theory,pending,unreviewed,none,scored
111,98,theory,pending,unreviewed,none,scored
111,99,theory,pending,unreviewed,none,scored
111,100,theory,pending,unreviewed,none,scored
111,101,theory,pending,unreviewed,none,scored
111,102,theory,pending,unreviewed,none,scored
111,103,theory,pending,unreviewed,none,scored
111,104,theory,pending,unreviewed,none,scored
111,105,theory,pending,unreviewed,none,scored
111,106,theory,pending,unreviewed,none,scored
111,107,theory,pending,unreviewed,none,scored
111,108,theory,pending,unreviewed,none,scored
111,109,theory,pending,unreviewed,none,scored
111,110,theory,pending,unreviewed,none,scored
111,111,theory,pending,unreviewed,none,scored
111,112,theory,pending,unreviewed,none,scored
111,113,theory,pending,unreviewed,none,scored
111,114,theory,pending,unreviewed,none,scored
111,115,theory,pending,unreviewed,none,scored
111,116,theory,pending,unreviewed,none,scored
111,117,theory,pending,unreviewed,none,scored
111,118,theory,pending,unreviewed,none,scored
111,119,theory,pending,unreviewed,none,scored
111,120,theory,pending,unreviewed,none,scored
111,121,theory,pending,unreviewed,none,scored
111,122,theory,pending,unreviewed,none,scored
111,123,theory,pending,unreviewed,none,scored
111,124,theory,pending,unreviewed,none,scored
111,125,theory,pending,unreviewed,none,scored
111,126,theory,pending,unreviewed,none,scored
111,127,theory,pending,unreviewed,none,scored
111,128,theory,pending,unreviewed,none,scored
111,129,theory,pending,unreviewed,none,scored
111,130,theory,pending,unreviewed,none,scored
111,131,theory,pending,unreviewed,none,scored
111,132,theory,pending,unreviewed,none,scored
111,133,theory,pending,unreviewed,none,scored
111,134,theory,pending,unreviewed,none,scored
111,135,theory,pending,unreviewed,none,scored
111,136,theory,pending,unreviewed,none,scored
111,137,theory,pending,unreviewed,none,scored
111,138,theory,pending,unreviewed,none,scored
111,139,theory,pending,unreviewed,none,scored
111,140,theory,pending,unreviewed,none,scored
111,141,theory,pending,unreviewed,none,scored
111,142,theory,pending,unreviewed,none,scored
111,143,theory,pending,unreviewed,none,scored
111,144,theory,pending,unreviewed,none,scored
111,145,theory,pending,unreviewed,none,scored
111,146,theory,pending,unreviewed,none,scored
111,147,theory,pending,unreviewed,none,scored
111,148,theory,pending,unreviewed,none,scored
111,149,theory,pending,unreviewed,none,scored
111,150,theory,pending,unreviewed,none,scored
111,151,theory,pending,unreviewed,none,scored
111,152,theory,pending,unreviewed,none,scored
111,153,theory,pending,unreviewed,none,scored
111,154,theory,pending,unreviewed,none,scored
111,155,theory,pending,unreviewed,none,scored
111,156,theory,pending,unreviewed,none,scored
111,157,theory,pending,unreviewed,none,scored
111,158,theory,pending,unreviewed,none,scored
111,159,theory,pending,unreviewed,none,scored
111,160,theory,pending,unreviewed,none,scored
111,161,theory,pending,unreviewed,none,scored
111,162,theory,pending,unreviewed,none,scored
111,163,theory,pending,unreviewed,none,scored
111,164,theory,pending,unreviewed,none,scored
111,165,theory,pending,unreviewed,none,scored
111,166,theory,pending,unreviewed,none,scored
111,167,theory,pending,unreviewed,none,scored
111,168,theory,pending,unreviewed,none,scored
111,169,theory,pending,unreviewed,none,scored
111,170,theory,pending,unreviewed,none,scored
111,171,theory,pending,unreviewed,none,scored
111,172,theory,pending,unreviewed,none,scored
111,173,theory,pending,unreviewed,none,scored
111,174,theory,pending,unreviewed,none,scored
111,175,theory,pending,unreviewed,none,scored
111,176,theory,pending,unreviewed,none,scored
111,177,theory,pending,unreviewed,none,scored
111,178,theory,pending,unreviewed,none,scored
111,179,theory,pending,unreviewed,none,scored
111,180,theory,pending,unreviewed,none,scored
111,181,theory,pending,unreviewed,none,scored
111,182,theory,pending,unreviewed,none,scored
111,183,theory,pending,unreviewed,none,scored
111,184,theory,pending,unreviewed,none,scored
111,185,theory,pending,unreviewed,none,scored
111,186,theory,pending,unreviewed,none,scored
111,187,theory,pending,unreviewed,none,scored
111,188,theory,pending,unreviewed,none,scored
111,189,theory,pending,unreviewed,none,scored
111,190,theory,pending,unreviewed,none,scored
111,191,theory,pending,unreviewed,none,scored
111,192,theory,pending,unreviewed,none,scored
111,193,theory,pending,unreviewed,none,scored
111,194,theory,pending,unreviewed,none,scored
111,195,theory,pending,unreviewed,none,scored
111,196,practical,pending,unreviewed,none,scored
111,197,practical,pending,unreviewed,none,scored
111,198,practical,pending,unreviewed,none,scored
111,199,practical,pending,unreviewed,unit,excluded
111,200,practical,pending,unreviewed,none,scored
111,201,practical,pending,unreviewed,none,scored
111,202,practical,pending,unreviewed,none,scored
111,203,practical,pending,unreviewed,none,scored
111,204,practical,pending,unreviewed,none,scored
111,205,practical,pending,unreviewed,none,scored
111,206,practical,pending,unreviewed,none,scored
111,207,practical,pending,unreviewed,none,scored
111,208,practical,pending,unreviewed,none,scored
111,209,practical,pending,unreviewed,none,scored
111,210,practical,pending,unreviewed,none,scored
111,211,practical,pending,unreviewed,none,scored
111,212,practical,pending,unreviewed,none,scored
111,213,practical,pending,unreviewed,none,scored
111,214,practical,pending,unreviewed,none,scored
111,215,practical,pending,unreviewed,none,scored
111,216,practical,pending,unreviewed,none,scored
111,217,practical,pending,unreviewed,none,scored
111,218,practical,pending,unreviewed,none,scored
111,219,practical,pending,unreviewed,none,scored
111,220,practical,pending,unreviewed,prescription,scored
111,221,practical,pending,unreviewed,prescription,scored
111,222,practical,pending,unreviewed,none,scored
111,223,practical,pending,unreviewed,none,scored
111,224,practical,pending,unreviewed,none,scored
111,225,practical,pending,unreviewed,none,scored
111,226,practical,pending,unreviewed,none,scored
111,227,practical,pending,unreviewed,none,scored
111,228,practical,pending,unreviewed,none,scored
111,229,practical,pending,unreviewed,none,scored
111,230,practical,pending,unreviewed,none,scored
111,231,practical,pending,unreviewed,none,scored
111,232,practical,pending,unreviewed,none,scored
111,233,practical,pending,unreviewed,none,scored
111,234,practical,pending,unreviewed,none,scored
111,235,practical,pending,unreviewed,none,scored
111,236,practical,pending,unreviewed,none,scored
111,237,practical,pending,unreviewed,none,scored
111,238,practical,pending,unreviewed,none,scored
111,239,practical,pending,unreviewed,none,scored
111,240,practical,pending,unreviewed,none,scored
111,241,practical,pending,unreviewed,none,scored
111,242,practical,pending,unreviewed,none,scored
111,243,practical,pending,unreviewed,none,scored
111,244,practical,pending,unreviewed,none,scored
111,245,practical,pending,unreviewed,none,scored
111,246,practical,pending,unreviewed,none,scored
111,247,practical,pending,unreviewed,none,scored
111,248,practical,pending,unreviewed,none,scored
111,249,practical,pending,unreviewed,none,scored
111,250,practical,pending,unreviewed,none,scored
111,251,practical,pending,unreviewed,none,scored
111,252,practical,pending,unreviewed,none,scored
111,253,practical,pending,unreviewed,none,scored
111,254,practical,pending,unreviewed,none,scored
111,255,practical,pending,unreviewed,none,scored
111,256,practical,pending,unreviewed,none,scored
111,257,practical,pending,unreviewed,none,scored
111,258,practical,pending,unreviewed,none,scored
111,259,practical,pending,unreviewed,none,scored
111,260,practical,pending,unreviewed,none,scored
111,261,practical,pending,unreviewed,none,scored
111,262,practical,pending,unreviewed,none,scored
111,263,practical,pending,unreviewed,none,scored
111,264,practical,pending,unreviewed,none,scored
111,265,practical,pending,unreviewed,none,scored
111,266,practical,pending,unreviewed,none,scored
111,267,practical,pending,unreviewed,none,scored
111,268,practical,pending,unreviewed,none,scored
111,269,practical,pending,unreviewed,none,scored
111,270,practical,pending,unreviewed,none,scored
111,271,practical,pending,unreviewed,none,scored
111,272,practical,pending,unreviewed,none,scored
111,273,practical,pending,unreviewed,none,scored
111,274,practical,pending,unreviewed,none,scored
111,275,practical,pending,unreviewed,none,scored
111,276,practical,pending,unreviewed,none,scored
111,277,practical,pending,unreviewed,none,scored
111,278,practical,pending,unreviewed,none,scored
111,279,practical,pending,unreviewed,none,scored
111,280,practical,pending,unreviewed,none,scored
111,281,practical,pending,unreviewed,none,scored
111,282,practical,pending,unreviewed,none,scored
111,283,practical,pending,unreviewed,none,scored
111,284,practical,pending,unreviewed,none,scored
111,285,practical,pending,unreviewed,none,scored
111,286,practical,pending,unreviewed,none,scored
111,287,practical,pending,unreviewed,none,excluded
111,288,practical,pending,unreviewed,none,scored
111,289,practical,pending,unreviewed,none,scored
111,290,practical,pending,unreviewed,none,scored
111,291,practical,pending,unreviewed,none,scored
111,292,practical,pending,unreviewed,none,scored
111,293,practical,pending,unreviewed,none,scored
111,294,practical,pending,unreviewed,none,scored
111,295,practical,pending,unreviewed,none,scored
111,296,practical,pending,unreviewed,none,scored
111,297,practical,pending,unreviewed,none,scored
111,298,practical,pending,unreviewed,none,scored
111,299,practical,pending,unreviewed,none,scored
111,300,practical,pending,unreviewed,none,scored
111,301,practical,pending,unreviewed,none,scored
111,302,practical,pending,unreviewed,none,scored
111,303,practical,pending,unreviewed,none,scored
111,304,practical,pending,unreviewed,none,scored
111,305,practical,pending,unreviewed,none,scored
111,306,practical,pending,unreviewed,none,scored
111,307,practical,pending,unreviewed,none,scored
111,308,practical,pending,unreviewed,none,scored
111,309,practical,pending,unreviewed,none,scored
111,310,practical,pending,unreviewed,none,scored
111,311,practical,pending,unreviewed,none,scored
111,312,practical,pending,unreviewed,none,scored
111,313,practical,pending,unreviewed,none,scored
111,314,practical,pending,unreviewed,none,scored
111,315,practical,pending,unreviewed,none,scored
111,316,practical,pending,unreviewed,none,scored
111,317,practical,pending,unreviewed,none,scored
111,318,practical,pending,unreviewed,none,scored
111,319,practical,pending,unreviewed,none,scored
111,320,practical,pending,unreviewed,none,scored
111,321,practical,pending,unreviewed,none,scored
111,322,practical,pending,unreviewed,none,scored
111,323,practical,pending,unreviewed,none,scored
111,324,practical,pending,unreviewed,none,scored
111,325,practical,pending,unreviewed,none,scored
111,326,practical,pending,unreviewed,none,scored
111,327,practical,pending,unreviewed,none,scored
111,328,practical,pending,unreviewed,none,scored
111,329,practical,pending,unreviewed,none,scored
111,330,practical,pending,unreviewed,none,scored
111,331,practical,pending,unreviewed,none,scored
111,332,practical,pending,unreviewed,none,scored
111,333,practical,pending,unreviewed,none,scored
111,334,practical,pending,unreviewed,none,scored
111,335,practical,pending,unreviewed,none,scored
111,336,practical,pending,unreviewed,none,scored
111,337,practical,pending,unreviewed,none,scored
111,338,practical,pending,unreviewed,none,scored
111,339,practical,pending,unreviewed,none,scored
111,340,practical,pending,unreviewed,none,scored
111,341,practical,pending,unreviewed,none,scored
111,342,practical,pending,unreviewed,none,scored
111,343,practical,pending,unreviewed,none,scored
111,344,practical,pending,unreviewed,none,scored
111,345,practical,pending,unreviewed,none,scored
110,1,mandatory,pending,unreviewed,none,scored
110,2,mandatory,cleared_text_only_candidate,none_detected_initial_review,none,scored
110,3,mandatory,pending,unreviewed,none,scored
110,4,mandatory,cleared_text_only_candidate,none_detected_initial_review,none,scored
110,5,mandatory,cleared_text_only_candidate,none_detected_initial_review,none,scored
110,6,mandatory,pending,unreviewed,none,scored
110,7,mandatory,pending,unreviewed,none,scored
110,8,mandatory,pending,unreviewed,none,scored
110,9,mandatory,pending,unreviewed,none,scored
110,10,mandatory,pending,unreviewed,none,scored
110,11,mandatory,cleared_text_only_candidate,none_detected_initial_review,none,scored
110,12,mandatory,pending,unreviewed,none,scored
110,13,mandatory,cleared_text_only_candidate,none_detected_initial_review,none,scored
110,14,mandatory,cleared_text_only_candidate,none_detected_initial_review,none,scored
110,15,mandatory,cleared_text_only_candidate,none_detected_initial_review,none,scored
110,16,mandatory,pending,unreviewed,none,scored
110,17,mandatory,cleared_text_only_candidate,none_detected_initial_review,none,scored
110,18,mandatory,pending,unreviewed,none,scored
110,19,mandatory,pending,unreviewed,none,scored
110,20,mandatory,pending,unreviewed,none,scored
110,21,mandatory,pending,unreviewed,none,scored
110,22,mandatory,pending,unreviewed,none,scored
110,23,mandatory,pending,unreviewed,none,scored
110,24,mandatory,pending,unreviewed,none,scored
110,25,mandatory,pending,unreviewed,none,scored
110,26,mandatory,pending,unreviewed,none,scored
110,27,mandatory,pending,unreviewed,none,scored
110,28,mandatory,pending,unreviewed,none,scored
110,29,mandatory,pending,unreviewed,none,scored
110,30,mandatory,pending,unreviewed,none,scored
110,31,mandatory,pending,unreviewed,none,scored
110,32,mandatory,pending,unreviewed,none,scored
110,33,mandatory,pending,unreviewed,none,scored
110,34,mandatory,pending,unreviewed,none,scored
110,35,mandatory,pending,unreviewed,none,scored
110,36,mandatory,pending,unreviewed,none,scored
110,37,mandatory,pending,unreviewed,none,scored
110,38,mandatory,pending,unreviewed,none,scored
110,39,mandatory,pending,unreviewed,none,scored
110,40,mandatory,pending,unreviewed,none,scored
110,41,mandatory,pending,unreviewed,none,scored
110,42,mandatory,pending,unreviewed,none,scored
110,43,mandatory,pending,unreviewed,none,scored
110,44,mandatory,pending,unreviewed,none,scored
110,45,mandatory,pending,unreviewed,none,scored
110,46,mandatory,pending,unreviewed,none,scored
110,47,mandatory,pending,unreviewed,none,scored
110,48,mandatory,pending,unreviewed,none,scored
110,49,mandatory,pending,unreviewed,none,scored
110,50,mandatory,pending,unreviewed,none,scored
110,51,mandatory,pending,unreviewed,none,scored
110,52,mandatory,pending,unreviewed,none,scored
110,53,mandatory,pending,unreviewed,none,scored
110,54,mandatory,pending,unreviewed,none,scored
110,55,mandatory,pending,unreviewed,none,scored
110,56,mandatory,pending,unreviewed,none,scored
110,57,mandatory,pending,unreviewed,none,scored
110,58,mandatory,pending,unreviewed,none,scored
110,59,mandatory,pending,unreviewed,none,scored
110,60,mandatory,pending,unreviewed,none,scored
110,61,mandatory,pending,unreviewed,none,scored
110,62,mandatory,pending,unreviewed,none,scored
110,63,mandatory,pending,unreviewed,none,scored
110,64,mandatory,pending,unreviewed,none,scored
110,65,mandatory,pending,unreviewed,none,scored
110,66,mandatory,pending,unreviewed,none,scored
110,67,mandatory,pending,unreviewed,none,scored
110,68,mandatory,pending,unreviewed,none,scored
110,69,mandatory,pending,unreviewed,none,scored
110,70,mandatory,pending,unreviewed,none,scored
110,71,mandatory,pending,unreviewed,none,scored
110,72,mandatory,pending,unreviewed,none,scored
110,73,mandatory,pending,unreviewed,none,scored
110,74,mandatory,pending,unreviewed,none,scored
110,75,mandatory,pending,unreviewed,none,scored
110,76,mandatory,pending,unreviewed,none,scored
110,77,mandatory,pending,unreviewed,none,scored
110,78,mandatory,pending,unreviewed,none,scored
110,79,mandatory,pending,unreviewed,none,scored
110,80,mandatory,pending,unreviewed,none,scored
110,81,mandatory,pending,unreviewed,none,scored
110,82,mandatory,pending,unreviewed,none,scored
110,83,mandatory,pending,unreviewed,none,scored
110,84,mandatory,pending,unreviewed,none,scored
110,85,mandatory,pending,unreviewed,none,scored
110,86,mandatory,pending,unreviewed,none,scored
110,87,mandatory,pending,unreviewed,none,scored
110,88,mandatory,pending,unreviewed,none,scored
110,89,mandatory,pending,unreviewed,none,scored
110,90,mandatory,pending,unreviewed,none,scored
110,91,theory,pending,unreviewed,none,scored
110,92,theory,pending,unreviewed,none,scored
110,93,theory,pending,unreviewed,none,scored
110,94,theory,pending,unreviewed,none,scored
110,95,theory,pending,unreviewed,none,scored
110,96,theory,pending,unreviewed,none,scored
110,97,theory,pending,unreviewed,none,scored
110,98,theory,pending,unreviewed,none,scored
110,99,theory,pending,unreviewed,none,scored
110,100,theory,pending,unreviewed,none,scored
110,101,theory,pending,unreviewed,none,scored
110,102,theory,pending,unreviewed,none,scored
110,103,theory,pending,unreviewed,none,scored
110,104,theory,pending,unreviewed,none,scored
110,105,theory,pending,unreviewed,none,scored
110,106,theory,pending,unreviewed,none,scored
110,107,theory,pending,unreviewed,none,scored
110,108,theory,pending,unreviewed,none,scored
110,109,theory,pending,unreviewed,none,scored
110,110,theory,pending,unreviewed,none,scored
110,111,theory,pending,unreviewed,none,scored
110,112,theory,pending,unreviewed,none,scored
110,113,theory,pending,unreviewed,none,scored
110,114,theory,pending,unreviewed,none,scored
110,115,theory,pending,unreviewed,none,scored
110,116,theory,pending,unreviewed,none,scored
110,117,theory,pending,unreviewed,none,scored
110,118,theory,pending,unreviewed,none,scored
110,119,theory,pending,unreviewed,none,scored
110,120,theory,pending,unreviewed,none,scored
110,121,theory,pending,unreviewed,none,scored
110,122,theory,pending,unreviewed,none,scored
110,123,theory,pending,unreviewed,none,scored
110,124,theory,pending,unreviewed,none,scored
110,125,theory,pending,unreviewed,none,scored
110,126,theory,pending,unreviewed,none,scored
110,127,theory,pending,unreviewed,none,scored
110,128,theory,pending,unreviewed,none,scored
110,129,theory,pending,unreviewed,none,scored
110,130,theory,pending,unreviewed,none,scored
110,131,theory,pending,unreviewed,none,scored
110,132,theory,pending,unreviewed,none,scored
110,133,theory,pending,unreviewed,none,scored
110,134,theory,pending,unreviewed,none,scored
110,135,theory,pending,unreviewed,none,scored
110,136,theory,pending,unreviewed,none,scored
110,137,theory,pending,unreviewed,none,scored
110,138,theory,pending,unreviewed,none,scored
110,139,theory,pending,unreviewed,none,scored
110,140,theory,pending,unreviewed,none,scored
110,141,theory,pending,unreviewed,none,scored
110,142,theory,pending,unreviewed,none,scored
110,143,theory,pending,unreviewed,none,scored
110,144,theory,pending,unreviewed,none,scored
110,145,theory,pending,unreviewed,none,scored
110,146,theory,pending,unreviewed,none,scored
110,147,theory,pending,unreviewed,none,scored
110,148,theory,pending,unreviewed,none,scored
110,149,theory,pending,unreviewed,none,scored
110,150,theory,pending,unreviewed,none,scored
110,151,theory,pending,unreviewed,none,scored
110,152,theory,pending,unreviewed,none,scored
110,153,theory,pending,unreviewed,none,scored
110,154,theory,pending,unreviewed,none,scored
110,155,theory,pending,unreviewed,none,scored
110,156,theory,pending,unreviewed,none,scored
110,157,theory,pending,unreviewed,none,scored
110,158,theory,pending,unreviewed,none,scored
110,159,theory,pending,unreviewed,none,scored
110,160,theory,pending,unreviewed,none,scored
110,161,theory,pending,unreviewed,none,scored
110,162,theory,pending,unreviewed,none,scored
110,163,theory,pending,unreviewed,none,scored
110,164,theory,pending,unreviewed,none,scored
110,165,theory,pending,unreviewed,none,scored
110,166,theory,pending,unreviewed,none,scored
110,167,theory,pending,unreviewed,none,scored
110,168,theory,pending,unreviewed,none,scored
110,169,theory,pending,unreviewed,none,scored
110,170,theory,pending,unreviewed,none,scored
110,171,theory,pending,unreviewed,none,scored
110,172,theory,pending,unreviewed,none,scored
110,173,theory,pending,unreviewed,none,scored
110,174,theory,pending,unreviewed,none,scored
110,175,theory,pending,unreviewed,none,scored
110,176,theory,pending,unreviewed,none,scored
110,177,theory,pending,unreviewed,none,scored
110,178,theory,pending,unreviewed,none,scored
110,179,theory,pending,unreviewed,none,scored
110,180,theory,pending,unreviewed,none,scored
110,181,theory,pending,unreviewed,none,scored
110,182,theory,pending,unreviewed,none,scored
110,183,theory,pending,unreviewed,none,scored
110,184,theory,pending,unreviewed,none,scored
110,185,theory,pending,unreviewed,none,scored
110,186,theory,pending,unreviewed,none,scored
110,187,theory,pending,unreviewed,none,scored
110,188,theory,pending,unreviewed,none,scored
110,189,theory,pending,unreviewed,none,scored
110,190,theory,pending,unreviewed,none,scored
110,191,theory,pending,unreviewed,none,scored
110,192,theory,pending,unreviewed,none,scored
110,193,theory,pending,unreviewed,none,scored
110,194,theory,pending,unreviewed,none,scored
110,195,theory,pending,unreviewed,none,scored
110,196,practical,pending,unreviewed,none,scored
110,197,practical,pending,unreviewed,none,scored
110,198,practical,pending,unreviewed,none,scored
110,199,practical,pending,unreviewed,none,scored
110,200,practical,pending,unreviewed,none,scored
110,201,practical,pending,unreviewed,none,scored
110,202,practical,pending,unreviewed,none,scored
110,203,practical,pending,unreviewed,none,scored
110,204,practical,pending,unreviewed,none,scored
110,205,practical,pending,unreviewed,none,scored
110,206,practical,pending,unreviewed,none,scored
110,207,practical,pending,unreviewed,none,scored
110,208,practical,pending,unreviewed,none,scored
110,209,practical,pending,unreviewed,none,scored
110,210,practical,pending,unreviewed,none,scored
110,211,practical,pending,unreviewed,none,scored
110,212,practical,pending,unreviewed,none,scored
110,213,practical,pending,unreviewed,none,scored
110,214,practical,pending,unreviewed,none,scored
110,215,practical,pending,unreviewed,none,scored
110,216,practical,pending,unreviewed,none,scored
110,217,practical,pending,unreviewed,none,scored
110,218,practical,pending,unreviewed,none,scored
110,219,practical,pending,unreviewed,none,scored
110,220,practical,pending,unreviewed,none,scored
110,221,practical,pending,unreviewed,none,scored
110,222,practical,pending,unreviewed,none,scored
110,223,practical,pending,unreviewed,none,scored
110,224,practical,pending,unreviewed,none,scored
110,225,practical,pending,unreviewed,none,scored
110,226,practical,pending,unreviewed,none,scored
110,227,practical,pending,unreviewed,none,scored
110,228,practical,pending,unreviewed,none,scored
110,229,practical,pending,unreviewed,none,scored
110,230,practical,pending,unreviewed,none,scored
110,231,practical,pending,unreviewed,none,scored
110,232,practical,pending,unreviewed,none,scored
110,233,practical,pending,unreviewed,none,scored
110,234,practical,pending,unreviewed,none,scored
110,235,practical,pending,unreviewed,none,scored
110,236,practical,pending,unreviewed,none,scored
110,237,practical,pending,unreviewed,none,scored
110,238,practical,pending,unreviewed,none,scored
110,239,practical,pending,unreviewed,none,scored
110,240,practical,pending,unreviewed,none,scored
110,241,practical,pending,unreviewed,none,scored
110,242,practical,pending,unreviewed,none,scored
110,243,practical,pending,unreviewed,none,scored
110,244,practical,pending,unreviewed,none,scored
110,245,practical,pending,unreviewed,none,scored
110,246,practical,pending,unreviewed,none,scored
110,247,practical,pending,unreviewed,none,scored
110,248,practical,pending,unreviewed,none,scored
110,249,practical,pending,unreviewed,none,scored
110,250,practical,pending,unreviewed,none,scored
110,251,practical,pending,unreviewed,none,scored
110,252,practical,pending,unreviewed,none,scored
110,253,practical,pending,unreviewed,none,scored
110,254,practical,pending,unreviewed,none,scored
110,255,practical,pending,unreviewed,none,scored
110,256,practical,pending,unreviewed,none,scored
110,257,practical,pending,unreviewed,none,scored
110,258,practical,pending,unreviewed,none,scored
110,259,practical,pending,unreviewed,none,scored
110,260,practical,pending,unreviewed,none,scored
110,261,practical,pending,unreviewed,none,scored
110,262,practical,pending,unreviewed,none,scored
110,263,practical,pending,unreviewed,none,scored
110,264,practical,pending,unreviewed,none,scored
110,265,practical,pending,unreviewed,none,scored
110,266,practical,pending,unreviewed,none,scored
110,267,practical,pending,unreviewed,none,scored
110,268,practical,pending,unreviewed,none,scored
110,269,practical,pending,unreviewed,none,scored
110,270,practical,pending,unreviewed,none,scored
110,271,practical,pending,unreviewed,none,scored
110,272,practical,pending,unreviewed,none,scored
110,273,practical,pending,unreviewed,none,scored
110,274,practical,pending,unreviewed,none,scored
110,275,practical,pending,unreviewed,none,scored
110,276,practical,pending,unreviewed,none,scored
110,277,practical,pending,unreviewed,none,scored
110,278,practical,pending,unreviewed,none,scored
110,279,practical,pending,unreviewed,none,scored
110,280,practical,pending,unreviewed,none,scored
110,281,practical,pending,unreviewed,none,scored
110,282,practical,pending,unreviewed,none,scored
110,283,practical,pending,unreviewed,none,scored
110,284,practical,pending,unreviewed,none,scored
110,285,practical,pending,unreviewed,none,scored
110,286,practical,pending,unreviewed,none,scored
110,287,practical,pending,unreviewed,none,scored
110,288,practical,pending,unreviewed,none,scored
110,289,practical,pending,unreviewed,none,scored
110,290,practical,pending,unreviewed,none,scored
110,291,practical,pending,unreviewed,none,scored
110,292,practical,pending,unreviewed,none,scored
110,293,practical,pending,unreviewed,none,scored
110,294,practical,pending,unreviewed,none,scored
110,295,practical,pending,unreviewed,none,scored
110,296,practical,pending,unreviewed,none,scored
110,297,practical,pending,unreviewed,none,scored
110,298,practical,pending,unreviewed,none,scored
110,299,practical,pending,unreviewed,none,scored
110,300,practical,pending,unreviewed,none,scored
110,301,practical,pending,unreviewed,none,scored
110,302,practical,pending,unreviewed,none,scored
110,303,practical,pending,unreviewed,none,scored
110,304,practical,pending,unreviewed,none,scored
110,305,practical,pending,unreviewed,none,scored
110,306,practical,pending,unreviewed,none,scored
110,307,practical,pending,unreviewed,none,scored
110,308,practical,pending,unreviewed,none,scored
110,309,practical,pending,unreviewed,none,scored
110,310,practical,pending,unreviewed,none,scored
110,311,practical,pending,unreviewed,none,scored
110,312,practical,pending,unreviewed,none,scored
110,313,practical,pending,unreviewed,none,scored
110,314,practical,pending,unreviewed,none,scored
110,315,practical,pending,unreviewed,none,scored
110,316,practical,pending,unreviewed,none,scored
110,317,practical,pending,unreviewed,none,scored
110,318,practical,pending,unreviewed,none,scored
110,319,practical,pending,unreviewed,none,scored
110,320,practical,pending,unreviewed,none,scored
110,321,practical,pending,unreviewed,none,scored
110,322,practical,pending,unreviewed,none,scored
110,323,practical,pending,unreviewed,none,scored
110,324,practical,pending,unreviewed,none,scored
110,325,practical,pending,unreviewed,none,scored
110,326,practical,pending,unreviewed,none,scored
110,327,practical,pending,unreviewed,none,scored
110,328,practical,pending,unreviewed,none,scored
110,329,practical,pending,unreviewed,none,scored
110,330,practical,pending,unreviewed,none,scored
110,331,practical,pending,unreviewed,none,scored
110,332,practical,pending,unreviewed,none,scored
110,333,practical,pending,unreviewed,none,scored
110,334,practical,pending,unreviewed,none,scored
110,335,practical,pending,unreviewed,none,scored
110,336,practical,pending,unreviewed,none,scored
110,337,practical,pending,unreviewed,none,scored
110,338,practical,pending,unreviewed,none,scored
110,339,practical,pending,unreviewed,none,scored
110,340,practical,pending,unreviewed,none,scored
110,341,practical,pending,unreviewed,none,scored
110,342,practical,pending,unreviewed,none,scored
110,343,practical,pending,unreviewed,none,scored
110,344,practical,pending,unreviewed,none,scored
110,345,practical,pending,unreviewed,none,scored
109,1,mandatory,cleared_text_only_candidate,none_detected_initial_review,none,scored
109,2,mandatory,cleared_text_only_candidate,none_detected_initial_review,none,scored
109,3,mandatory,cleared_text_only_candidate,none_detected_initial_review,none,scored
109,4,mandatory,pending,unreviewed,none,scored
109,5,mandatory,cleared_text_only_candidate,none_detected_initial_review,none,scored
109,6,mandatory,pending,unreviewed,none,scored
109,7,mandatory,pending,unreviewed,none,scored
109,8,mandatory,pending,unreviewed,none,scored
109,9,mandatory,pending,unreviewed,none,scored
109,10,mandatory,cleared_text_only_candidate,none_detected_initial_review,none,scored
109,11,mandatory,cleared_text_only_candidate,none_detected_initial_review,none,scored
109,12,mandatory,cleared_text_only_candidate,none_detected_initial_review,none,scored
109,13,mandatory,cleared_text_only_candidate,none_detected_initial_review,none,scored
109,14,mandatory,pending,unreviewed,none,scored
109,15,mandatory,pending,unreviewed,none,scored
109,16,mandatory,pending,unreviewed,none,scored
109,17,mandatory,pending,unreviewed,none,scored
109,18,mandatory,pending,unreviewed,none,scored
109,19,mandatory,pending,unreviewed,none,scored
109,20,mandatory,pending,unreviewed,none,scored
109,21,mandatory,pending,unreviewed,none,scored
109,22,mandatory,pending,unreviewed,none,scored
109,23,mandatory,pending,unreviewed,none,scored
109,24,mandatory,pending,unreviewed,none,scored
109,25,mandatory,pending,unreviewed,none,scored
109,26,mandatory,pending,unreviewed,none,scored
109,27,mandatory,pending,unreviewed,none,scored
109,28,mandatory,pending,unreviewed,none,scored
109,29,mandatory,pending,unreviewed,none,scored
109,30,mandatory,pending,unreviewed,none,scored
109,31,mandatory,pending,unreviewed,none,scored
109,32,mandatory,pending,unreviewed,none,scored
109,33,mandatory,pending,unreviewed,none,scored
109,34,mandatory,pending,unreviewed,none,scored
109,35,mandatory,pending,unreviewed,none,scored
109,36,mandatory,pending,unreviewed,none,scored
109,37,mandatory,pending,unreviewed,none,scored
109,38,mandatory,pending,unreviewed,none,scored
109,39,mandatory,pending,unreviewed,none,scored
109,40,mandatory,pending,unreviewed,none,scored
109,41,mandatory,pending,unreviewed,none,scored
109,42,mandatory,pending,unreviewed,none,scored
109,43,mandatory,pending,unreviewed,none,scored
109,44,mandatory,pending,unreviewed,none,scored
109,45,mandatory,pending,unreviewed,none,scored
109,46,mandatory,pending,unreviewed,none,scored
109,47,mandatory,pending,unreviewed,none,scored
109,48,mandatory,pending,unreviewed,none,scored
109,49,mandatory,pending,unreviewed,none,scored
109,50,mandatory,pending,unreviewed,none,scored
109,51,mandatory,pending,unreviewed,none,scored
109,52,mandatory,pending,unreviewed,none,scored
109,53,mandatory,pending,unreviewed,none,scored
109,54,mandatory,pending,unreviewed,none,scored
109,55,mandatory,pending,unreviewed,none,scored
109,56,mandatory,pending,unreviewed,none,scored
109,57,mandatory,pending,unreviewed,none,scored
109,58,mandatory,pending,unreviewed,none,scored
109,59,mandatory,pending,unreviewed,none,scored
109,60,mandatory,pending,unreviewed,none,scored
109,61,mandatory,pending,unreviewed,none,scored
109,62,mandatory,pending,unreviewed,none,scored
109,63,mandatory,pending,unreviewed,none,scored
109,64,mandatory,pending,unreviewed,none,scored
109,65,mandatory,pending,unreviewed,none,scored
109,66,mandatory,pending,unreviewed,none,scored
109,67,mandatory,pending,unreviewed,none,scored
109,68,mandatory,pending,unreviewed,none,scored
109,69,mandatory,pending,unreviewed,none,scored
109,70,mandatory,pending,unreviewed,none,scored
109,71,mandatory,pending,unreviewed,none,scored
109,72,mandatory,pending,unreviewed,none,scored
109,73,mandatory,pending,unreviewed,none,scored
109,74,mandatory,pending,unreviewed,none,scored
109,75,mandatory,pending,unreviewed,none,scored
109,76,mandatory,pending,unreviewed,none,scored
109,77,mandatory,pending,unreviewed,none,scored
109,78,mandatory,pending,unreviewed,none,scored
109,79,mandatory,pending,unreviewed,none,scored
109,80,mandatory,pending,unreviewed,none,scored
109,81,mandatory,pending,unreviewed,none,scored
109,82,mandatory,pending,unreviewed,none,scored
109,83,mandatory,pending,unreviewed,none,scored
109,84,mandatory,pending,unreviewed,none,scored
109,85,mandatory,pending,unreviewed,none,scored
109,86,mandatory,pending,unreviewed,none,scored
109,87,mandatory,pending,unreviewed,none,scored
109,88,mandatory,pending,unreviewed,none,scored
109,89,mandatory,pending,unreviewed,none,scored
109,90,mandatory,pending,unreviewed,none,scored
109,91,theory,pending,unreviewed,none,scored
109,92,theory,pending,unreviewed,none,scored
109,93,theory,pending,unreviewed,none,scored
109,94,theory,pending,unreviewed,none,scored
109,95,theory,pending,unreviewed,none,scored
109,96,theory,pending,unreviewed,none,scored
109,97,theory,pending,unreviewed,none,scored
109,98,theory,pending,unreviewed,none,scored
109,99,theory,pending,unreviewed,none,scored
109,100,theory,pending,unreviewed,none,scored
109,101,theory,pending,unreviewed,none,scored
109,102,theory,pending,unreviewed,none,scored
109,103,theory,pending,unreviewed,none,scored
109,104,theory,pending,unreviewed,none,scored
109,105,theory,pending,unreviewed,none,scored
109,106,theory,pending,unreviewed,none,scored
109,107,theory,pending,unreviewed,none,scored
109,108,theory,pending,unreviewed,none,scored
109,109,theory,pending,unreviewed,none,scored
109,110,theory,pending,unreviewed,none,scored
109,111,theory,pending,unreviewed,none,excluded
109,112,theory,pending,unreviewed,none,scored
109,113,theory,pending,unreviewed,none,scored
109,114,theory,pending,unreviewed,none,scored
109,115,theory,pending,unreviewed,none,scored
109,116,theory,pending,unreviewed,none,scored
109,117,theory,pending,unreviewed,none,scored
109,118,theory,pending,unreviewed,none,scored
109,119,theory,pending,unreviewed,none,scored
109,120,theory,pending,unreviewed,none,scored
109,121,theory,pending,unreviewed,none,scored
109,122,theory,pending,unreviewed,none,scored
109,123,theory,pending,unreviewed,none,scored
109,124,theory,pending,unreviewed,none,scored
109,125,theory,pending,unreviewed,none,scored
109,126,theory,pending,unreviewed,none,scored
109,127,theory,pending,unreviewed,none,scored
109,128,theory,pending,unreviewed,none,scored
109,129,theory,pending,unreviewed,none,scored
109,130,theory,pending,unreviewed,none,scored
109,131,theory,pending,unreviewed,none,scored
109,132,theory,pending,unreviewed,none,scored
109,133,theory,pending,unreviewed,none,scored
109,134,theory,pending,unreviewed,none,scored
109,135,theory,pending,unreviewed,none,scored
109,136,theory,pending,unreviewed,none,scored
109,137,theory,pending,unreviewed,none,scored
109,138,theory,pending,unreviewed,none,scored
109,139,theory,pending,unreviewed,none,scored
109,140,theory,pending,unreviewed,none,scored
109,141,theory,pending,unreviewed,none,scored
109,142,theory,pending,unreviewed,none,scored
109,143,theory,pending,unreviewed,none,scored
109,144,theory,pending,unreviewed,none,scored
109,145,theory,pending,unreviewed,none,scored
109,146,theory,pending,unreviewed,none,scored
109,147,theory,pending,unreviewed,none,scored
109,148,theory,pending,unreviewed,none,scored
109,149,theory,pending,unreviewed,none,scored
109,150,theory,pending,unreviewed,none,scored
109,151,theory,pending,unreviewed,none,scored
109,152,theory,pending,unreviewed,none,scored
109,153,theory,pending,unreviewed,none,scored
109,154,theory,pending,unreviewed,none,scored
109,155,theory,pending,unreviewed,none,scored
109,156,theory,pending,unreviewed,none,scored
109,157,theory,pending,unreviewed,none,scored
109,158,theory,pending,unreviewed,none,scored
109,159,theory,pending,unreviewed,none,scored
109,160,theory,pending,unreviewed,none,scored
109,161,theory,pending,unreviewed,none,scored
109,162,theory,pending,unreviewed,none,scored
109,163,theory,pending,unreviewed,none,scored
109,164,theory,pending,unreviewed,none,scored
109,165,theory,pending,unreviewed,none,scored
109,166,theory,pending,unreviewed,none,scored
109,167,theory,pending,unreviewed,none,scored
109,168,theory,pending,unreviewed,none,scored
109,169,theory,pending,unreviewed,none,scored
109,170,theory,pending,unreviewed,none,scored
109,171,theory,pending,unreviewed,none,scored
109,172,theory,pending,unreviewed,none,scored
109,173,theory,pending,unreviewed,none,scored
109,174,theory,pending,unreviewed,none,scored
109,175,theory,pending,unreviewed,none,scored
109,176,theory,pending,unreviewed,none,scored
109,177,theory,pending,unreviewed,none,scored
109,178,theory,pending,unreviewed,none,scored
109,179,theory,pending,unreviewed,none,scored
109,180,theory,pending,unreviewed,none,scored
109,181,theory,pending,unreviewed,none,scored
109,182,theory,pending,unreviewed,none,scored
109,183,theory,pending,unreviewed,none,scored
109,184,theory,pending,unreviewed,none,scored
109,185,theory,pending,unreviewed,none,scored
109,186,theory,pending,unreviewed,none,scored
109,187,theory,pending,unreviewed,none,scored
109,188,theory,pending,unreviewed,none,scored
109,189,theory,pending,unreviewed,none,scored
109,190,theory,pending,unreviewed,none,scored
109,191,theory,pending,unreviewed,none,scored
109,192,theory,pending,unreviewed,none,scored
109,193,theory,pending,unreviewed,none,scored
109,194,theory,pending,unreviewed,none,scored
109,195,theory,pending,unreviewed,none,scored
109,196,practical,pending,unreviewed,none,scored
109,197,practical,pending,unreviewed,none,scored
109,198,practical,pending,unreviewed,none,scored
109,199,practical,pending,unreviewed,none,scored
109,200,practical,pending,unreviewed,none,scored
109,201,practical,pending,unreviewed,none,scored
109,202,practical,pending,unreviewed,none,scored
109,203,practical,pending,unreviewed,none,scored
109,204,practical,pending,unreviewed,none,scored
109,205,practical,pending,unreviewed,none,scored
109,206,practical,pending,unreviewed,none,scored
109,207,practical,pending,unreviewed,none,scored
109,208,practical,pending,unreviewed,none,scored
109,209,practical,pending,unreviewed,none,scored
109,210,practical,pending,unreviewed,none,scored
109,211,practical,pending,unreviewed,none,scored
109,212,practical,pending,unreviewed,none,scored
109,213,practical,pending,unreviewed,none,scored
109,214,practical,pending,unreviewed,none,scored
109,215,practical,pending,unreviewed,none,scored
109,216,practical,pending,unreviewed,none,scored
109,217,practical,pending,unreviewed,none,scored
109,218,practical,pending,unreviewed,none,scored
109,219,practical,pending,unreviewed,none,scored
109,220,practical,pending,unreviewed,none,scored
109,221,practical,pending,unreviewed,none,scored
109,222,practical,pending,unreviewed,none,scored
109,223,practical,pending,unreviewed,none,scored
109,224,practical,pending,unreviewed,none,scored
109,225,practical,pending,unreviewed,none,scored
109,226,practical,pending,unreviewed,none,scored
109,227,practical,pending,unreviewed,none,scored
109,228,practical,pending,unreviewed,none,scored
109,229,practical,pending,unreviewed,none,scored
109,230,practical,pending,unreviewed,none,scored
109,231,practical,pending,unreviewed,none,scored
109,232,practical,pending,unreviewed,none,scored
109,233,practical,pending,unreviewed,none,scored
109,234,practical,pending,unreviewed,none,scored
109,235,practical,pending,unreviewed,none,scored
109,236,practical,pending,unreviewed,none,scored
109,237,practical,pending,unreviewed,none,scored
109,238,practical,pending,unreviewed,none,scored
109,239,practical,pending,unreviewed,none,scored
109,240,practical,pending,unreviewed,none,scored
109,241,practical,pending,unreviewed,none,scored
109,242,practical,pending,unreviewed,none,scored
109,243,practical,pending,unreviewed,none,scored
109,244,practical,pending,unreviewed,none,scored
109,245,practical,pending,unreviewed,none,scored
109,246,practical,pending,unreviewed,none,scored
109,247,practical,pending,unreviewed,none,scored
109,248,practical,pending,unreviewed,none,scored
109,249,practical,pending,unreviewed,none,scored
109,250,practical,pending,unreviewed,none,scored
109,251,practical,pending,unreviewed,none,scored
109,252,practical,pending,unreviewed,none,scored
109,253,practical,pending,unreviewed,none,scored
109,254,practical,pending,unreviewed,none,scored
109,255,practical,pending,unreviewed,none,scored
109,256,practical,pending,unreviewed,none,scored
109,257,practical,pending,unreviewed,none,scored
109,258,practical,pending,unreviewed,none,scored
109,259,practical,pending,unreviewed,none,scored
109,260,practical,pending,unreviewed,none,scored
109,261,practical,pending,unreviewed,none,scored
109,262,practical,pending,unreviewed,none,scored
109,263,practical,pending,unreviewed,none,scored
109,264,practical,pending,unreviewed,none,scored
109,265,practical,pending,unreviewed,none,scored
109,266,practical,pending,unreviewed,none,scored
109,267,practical,pending,unreviewed,none,scored
109,268,practical,pending,unreviewed,none,scored
109,269,practical,pending,unreviewed,none,scored
109,270,practical,pending,unreviewed,none,scored
109,271,practical,pending,unreviewed,none,scored
109,272,practical,pending,unreviewed,none,scored
109,273,practical,pending,unreviewed,none,scored
109,274,practical,pending,unreviewed,none,scored
109,275,practical,pending,unreviewed,none,scored
109,276,practical,pending,unreviewed,none,scored
109,277,practical,pending,unreviewed,none,scored
109,278,practical,pending,unreviewed,none,scored
109,279,practical,pending,unreviewed,none,scored
109,280,practical,pending,unreviewed,none,scored
109,281,practical,pending,unreviewed,none,scored
109,282,practical,pending,unreviewed,none,scored
109,283,practical,pending,unreviewed,none,scored
109,284,practical,pending,unreviewed,none,scored
109,285,practical,pending,unreviewed,none,scored
109,286,practical,pending,unreviewed,none,scored
109,287,practical,pending,unreviewed,none,scored
109,288,practical,pending,unreviewed,none,scored
109,289,practical,pending,unreviewed,none,scored
109,290,practical,pending,unreviewed,none,scored
109,291,practical,pending,unreviewed,none,scored
109,292,practical,pending,unreviewed,none,scored
109,293,practical,pending,unreviewed,none,scored
109,294,practical,pending,unreviewed,none,scored
109,295,practical,pending,unreviewed,none,scored
109,296,practical,pending,unreviewed,none,scored
109,297,practical,pending,unreviewed,none,scored
109,298,practical,pending,unreviewed,none,scored
109,299,practical,pending,unreviewed,none,scored
109,300,practical,pending,unreviewed,none,scored
109,301,practical,pending,unreviewed,none,scored
109,302,practical,pending,unreviewed,none,scored
109,303,practical,pending,unreviewed,none,scored
109,304,practical,pending,unreviewed,none,scored
109,305,practical,pending,unreviewed,none,scored
109,306,practical,pending,unreviewed,none,scored
109,307,practical,pending,unreviewed,none,scored
109,308,practical,pending,unreviewed,none,scored
109,309,practical,pending,unreviewed,none,scored
109,310,practical,pending,unreviewed,none,scored
109,311,practical,pending,unreviewed,none,scored
109,312,practical,pending,unreviewed,none,scored
109,313,practical,pending,unreviewed,none,scored
109,314,practical,pending,unreviewed,none,scored
109,315,practical,pending,unreviewed,none,scored
109,316,practical,pending,unreviewed,none,scored
109,317,practical,pending,unreviewed,none,scored
109,318,practical,pending,unreviewed,none,scored
109,319,practical,pending,unreviewed,none,scored
109,320,practical,pending,unreviewed,none,scored
109,321,practical,pending,unreviewed,none,scored
109,322,practical,pending,unreviewed,none,scored
109,323,practical,pending,unreviewed,none,scored
109,324,practical,pending,unreviewed,none,scored
109,325,practical,pending,unreviewed,none,scored
109,326,practical,pending,unreviewed,none,scored
109,327,practical,pending,unreviewed,none,scored
109,328,practical,pending,unreviewed,none,scored
109,329,practical,pending,unreviewed,none,scored
109,330,practical,pending,unreviewed,graph-axis-unit,scored
109,331,practical,pending,unreviewed,none,scored
109,332,practical,pending,unreviewed,none,scored
109,333,practical,pending,unreviewed,none,scored
109,334,practical,pending,unreviewed,none,scored
109,335,practical,pending,unreviewed,none,scored
109,336,practical,pending,unreviewed,none,scored
109,337,practical,pending,unreviewed,none,scored
109,338,practical,pending,unreviewed,none,scored
109,339,practical,pending,unreviewed,none,scored
109,340,practical,pending,unreviewed,none,scored
109,341,practical,pending,unreviewed,none,scored
109,342,practical,pending,unreviewed,none,scored
109,343,practical,pending,unreviewed,none,scored
109,344,practical,pending,unreviewed,none,scored
109,345,practical,pending,unreviewed,none,scored
